חברה,יום אקס דיבידנד,דיבידנד,סוג,תאריך תשלום,תשואה,Comfortable Date X
,,,,,,
אמנת (AMAN),09.05.2022,45.417,,25.05.2022,6.24%,5/9/2022
בזק (BEZQ),09.05.2022,8.67823,,16.05.2022,1.68%,5/9/2022
שרין טכנו (SARN),09.05.2022,0.013848,,19.05.2022,7.99%,5/9/2022
אפקון החזקות (AFHL),15.05.2022,493.96845,,23.05.2022,6.29%,5/15/2022
אורמת טכנולוגיות (ORA),16.05.2022,0.12,,31.05.2022,0.65%,5/16/2022
סאפיינס (SPNS),17.05.2022,0.47,,25.05.2022,1.90%,5/17/2022
בירמן (BIRM),18.05.2022,227.27725,,30.05.2022,11.70%,5/18/2022
דלתא מותגים (DLTI),18.05.2022,38.18,,26.05.2022,3.50%,5/18/2022
איביאי חיתום (IBIU),19.05.2022,38.8511,,30.05.2022,15.20%,5/19/2022
אופל בלאנס (OPAL),19.05.2022,3.68048,,29.05.2022,4.76%,5/19/2022
מניף שירותים פיננסיים (MNIF),22.05.2022,14.0557,,29.05.2022,6.81%,5/22/2022
דלתא (DELG),23.05.2022,77.926,,31.05.2022,1.83%,5/23/2022
פנינסולה (PEN),23.05.2022,2.9806,,30.05.2022,6.56%,5/23/2022
סאני תקשורת (SNCM),23.05.2022,4.60335,,30.05.2022,9.86%,5/23/2022
אוברסיז קומרס (OVRS),24.05.2022,6.08963,,08.06.2022,4.68%,5/24/2022
ביג-טק 50 יהש (BIGTp),24.05.2022,0.0695,,31.05.2022,-,5/24/2022
אפריקה מגורים (AFRE),24.05.2022,79.0918,,31.05.2022,2.74%,5/24/2022
אי.טי.ג'י.איי (ETGA),26.05.2022,20.1092,,06.06.2022,3.58%,5/26/2022
א.נ שוהם ביזנס (SHOM),26.05.2022,12.84522,,02.06.2022,1.59%,5/26/2022
גלוברנדס (GLRS),30.05.2022,2441.0089,,13.06.2022,13.28%,5/30/2022
ניו-מד אנרג יהש (NWMDp),30.05.2022,0.0426,,16.06.2022,-,5/30/2022
וואן טכנולוגיות (ONE),30.05.2022,35.0965,,13.06.2022,2.36%,5/30/2022
פולירם תעשיות פלסטיק (POLP),31.05.2022,9.37562,,13.06.2022,4.11%,5/31/2022
דיסקונט (DSCT),31.05.2022,15.89315,,09.06.2022,1.98%,5/31/2022
אסאר אקורד (SRAC),01.06.2022,51.67669,,16.06.2022,4.02%,6/1/2022
דנאל (DANE),01.06.2022,500.0,,13.06.2022,4.55%,6/1/2022
אי.בי.אי. (IBI),01.06.2022,46.6023,,08.06.2022,3.13%,6/1/2022
אנרג'יקס (ENRG),01.06.2022,5.0,,14.06.2022,1.98%,6/1/2022
רימוני (RIMO),01.06.2022,115.0,,20.06.2022,7.48%,6/1/2022
איי.סי.אל (ICL),01.06.2022,79.55122,,15.06.2022,4.47%,6/1/2022
מטריקס (MTRX),01.06.2022,71.0,,23.06.2022,3.90%,6/1/2022
בינלאומי (FIBI),01.06.2022,159.47368,,12.06.2022,8.46%,6/1/2022
טיב טעם (TTAM),02.06.2022,3.24328,,14.06.2022,2.22%,6/2/2022
ירושלים (JBNK),02.06.2022,61.21863,,14.06.2022,6.92%,6/2/2022
טריא ישראל (TRA),02.06.2022,2.0,,12.06.2022,2.49%,6/2/2022
שנפ (SHNP),02.06.2022,15.75436,,12.06.2022,5.33%,6/2/2022
טריא ישראל (TRA),02.06.2022,2.0,,12.06.2022,-,6/2/2022
דניה סיבוס (DNYA),02.06.2022,96.23658,,13.06.2022,4.54%,6/2/2022
צרפתי (SRFT),02.06.2022,114.95,,13.06.2022,3.85%,6/2/2022
מ.ל.ר.ן פרוייקטים ומסחר (MLRN),05.06.2022,14.96774,,14.06.2022,4.37%,6/5/2022
אינרום תעשיות בנייה (INRM),06.06.2022,5.60999,,15.06.2022,1.88%,6/6/2022
נאוי (NAWI),06.06.2022,30.55263,,21.06.2022,6.87%,6/6/2022
מימון ישיר (DIFI),06.06.2022,1234.7962,,20.06.2022,4.81%,6/6/2022
פרשקובסקי (PRSK),06.06.2022,75.0,,14.06.2022,1.94%,6/6/2022
איסתא (ISTA),07.06.2022,126.71185,,17.06.2022,1.16%,6/7/2022
פרידנזון (FRDN),07.06.2022,91.9224,,15.06.2022,9.04%,6/7/2022
לאומי (LUMI),07.06.2022,22.14211,,15.06.2022,6.02%,6/7/2022
מ.ל.ר.ן פרוייקטים ומסחר (MLRN),07.06.2022,,,19.06.2022,-,6/7/2022
ג'י וואן (GOSS),07.06.2022,8.27756,,14.06.2022,6.84%,6/7/2022
א.מ.ת (EMCO),07.06.2022,7.5,,16.06.2022,5.63%,6/7/2022
מלם תים (MLTM),07.06.2022,100.0,,16.06.2022,3.27%,6/7/2022
לפידות (LAPD),07.06.2022,39.02887,,20.06.2022,2.95%,6/7/2022
ארד (ARD),07.06.2022,0.445,,22.06.2022,3.35%,6/7/2022
פיבי (FIBIH),08.06.2022,217.19116,,16.06.2022,10.06%,6/8/2022
צור (ZUR),08.06.2022,12.28881,,22.06.2022,5.38%,6/8/2022
אלטשולר שחם פיננסים (ALTF),08.06.2022,101.4716,,15.06.2022,9.08%,6/8/2022
אטראו שוקי הון (ATRY),09.06.2022,230.92304,,22.06.2022,13.06%,6/9/2022
תיגבור (TIGBUR),09.06.2022,37.44113,,28.06.2022,3.05%,6/9/2022
דלק רכב (DLEA),09.06.2022,250.0,,03.07.2022,23.19%,6/9/2022
בית הזהב (GOHO),09.06.2022,38.54162,,16.06.2022,3.02%,6/9/2022
אברא (ABRA),12.06.2022,,,22.06.2022,-,6/12/2022
י.ד. מור השקעות (MRIN),12.06.2022,23.26468,,20.06.2022,3.63%,6/12/2022
רמי לוי (RMLI),12.06.2022,442.81247,,19.06.2022,6.09%,6/12/2022
כפרית (KAFR),12.06.2022,16.77378,,29.06.2022,2.46%,6/12/2022
מיחשוב ישר (CMDR),14.06.2022,270.0,,28.06.2022,13.25%,6/14/2022
טלסיס (TLSY),19.06.2022,161.81367,,04.07.2022,5.37%,6/19/2022
שיכון ובינוי (SKBN),20.06.2022,,,30.06.2022,-,6/20/2022
פייטון (PAYT),20.06.2022,0.78,,28.06.2022,5.36%,6/20/2022
אלביט מערכות (ESLT),27.06.2022,0.5,,11.07.2022,0.93%,6/27/2022
קנון הולדינגס (KEN),27.06.2022,10.25,,05.07.2022,25.54%,6/27/2022
נפטא (NFTA),11.07.2022,,,13.07.2022,-,7/11/2022
קסטרו (CAST),11.07.2022,1016.4487,,18.07.2022,10.20%,7/11/2022
מילניום פוד יהש (MIFT),11.07.2022,,,21.07.2022,-,7/11/2022
תיקון עולם (TKUN),31.07.2022,,,16.08.2022,-,7/31/2022
ביג-טק 50 יהש (BIGTp),03.08.2022,60.8,,14.08.2022,-,8/3/2022
איביאי חיתום (IBIU),14.08.2022,17.30582,,22.08.2022,11.27%,8/14/2022
מטריקס (MTRX),17.08.2022,261.0,,28.08.2022,5.12%,8/17/2022
סאפיינס (SPNS),17.08.2022,0.23,,30.08.2022,3.08%,8/17/2022
פרקומט (PRKM),17.08.2022,25.78457,,25.08.2022,3.14%,8/17/2022
דלתא מותגים (DLTI),17.08.2022,42.452,,25.08.2022,3.46%,8/17/2022
אורמת טכנולוגיות (ORA),17.08.2022,0.12,,31.08.2022,0.49%,8/17/2022
אודיוקודס (AUDC),17.08.2022,0.18,,31.08.2022,1.59%,8/17/2022
תדיראן (TDRN),18.08.2022,462.38057,,25.08.2022,1.58%,8/18/2022
מניף שירותים פיננסיים (MNIF),18.08.2022,17.36292,,28.08.2022,6.99%,8/18/2022
אוברסיז קומרס (OVRS),18.08.2022,8.85269,,07.09.2022,5.20%,8/18/2022
ישראכרט (ISCD),18.08.2022,14.28264,,25.08.2022,6.52%,8/18/2022
שרין טכנו (SARN),21.08.2022,0.020754,,02.09.2022,7.90%,8/21/2022
דיסקונט (DSCT),21.08.2022,10.99424,,30.08.2022,2.28%,8/21/2022
פנינסולה (PEN),22.08.2022,4.6837,,30.08.2022,7.06%,8/22/2022
דלתא (DELG),22.08.2022,0.235,,06.09.2022,-,8/22/2022
"מקס סטוק בע""מ (MAXO)",22.08.2022,28.23292,,06.09.2022,4.90%,8/22/2022
סאני תקשורת (SNCM),22.08.2022,9.2067,,30.08.2022,12.04%,8/22/2022
אי.בי.אי. (IBI),22.08.2022,99.523,,29.08.2022,2.68%,8/22/2022
או.אר.טי (ORTC),23.08.2022,50.0,,06.09.2022,3.63%,8/23/2022
מזרחי טפחות (MZTF),23.08.2022,122.90837,,30.08.2022,3.80%,8/23/2022
דניה סיבוס (DNYA),23.08.2022,96.23658,,05.09.2022,4.46%,8/23/2022
אפריקה מגורים (AFRE),23.08.2022,237.2754,,30.08.2022,3.80%,8/23/2022
פולירם תעשיות פלסטיק (POLP),24.08.2022,9.37562,,08.09.2022,2.77%,8/24/2022
בינלאומי (FIBI),24.08.2022,169.44078,,01.09.2022,6.69%,8/24/2022
פועלים (POLI),24.08.2022,30.14578,,07.09.2022,2.69%,8/24/2022
ג'י וואן (GOSS),24.08.2022,10.78592,,01.09.2022,9.23%,8/24/2022
אי.טי.ג'י.איי (ETGA),24.08.2022,24.578,,31.08.2022,3.47%,8/24/2022
מימון ישיר (DIFI),25.08.2022,1249.677,,04.09.2022,4.57%,8/25/2022
ניו-מד אנרג יהש (NWMDp),25.08.2022,0.0426,,22.09.2022,-,8/25/2022
לפידות (LAPD),28.08.2022,48.96882,,05.09.2022,3.15%,8/28/2022
אופל בלאנס (OPAL),28.08.2022,3.63268,,05.09.2022,5.31%,8/28/2022
לאומי (LUMI),29.08.2022,25.81761,,06.09.2022,5.11%,8/29/2022
קרסו מוטורס (CRSM),29.08.2022,185.98561,,06.09.2022,13.09%,8/29/2022
גבעות יהש (GIVOp),30.08.2022,,,11.09.2022,-,8/30/2022
מג'יק (MGIC),30.08.2022,0.29,,13.09.2022,2.87%,8/30/2022
וואן טכנולוגיות (ONE),30.08.2022,37.05408,,13.09.2022,2.20%,8/30/2022
רמי לוי (RMLI),30.08.2022,217.77663,,07.09.2022,5.14%,8/30/2022
ווינד באז (WNBZ),30.08.2022,133.7,,08.09.2022,72.00%,8/30/2022
עילדב-ש (ELDAV),30.08.2022,5.58968,,07.09.2022,15.67%,8/30/2022
שנפ (SHNP),30.08.2022,15.75436,,06.09.2022,4.31%,8/30/2022
אנרג'יקס (ENRG),30.08.2022,5.0,,13.09.2022,1.33%,8/30/2022
מיטרוניקס (MTRN),31.08.2022,59.46906,,29.09.2022,2.37%,8/31/2022
איי.סי.אל (ICL),31.08.2022,96.4399,,14.09.2022,7.12%,8/31/2022
אסאר אקורד (SRAC),31.08.2022,36.91192,,13.09.2022,3.84%,8/31/2022
אלקו (ELCO),31.08.2022,73.52,,20.09.2022,1.11%,8/31/2022
ג'נגו (JNGO),31.08.2022,0.47368,,08.09.2022,14.09%,8/31/2022
דמרי (DIMRI),31.08.2022,240.54047,,11.09.2022,2.76%,8/31/2022
פרשקובסקי (PRSK),01.09.2022,50.0,,11.09.2022,2.01%,9/1/2022
נאוי (NAWI),01.09.2022,91.65767,,11.09.2022,7.95%,9/1/2022
אאורה השקעות (AURA),01.09.2022,2.3393,,08.09.2022,0.84%,9/1/2022
רם-און השקעות והחזקות (RMN),01.09.2022,14.99337,,20.09.2022,1.90%,9/1/2022
הפניקס (PHOE),04.09.2022,63.631,,12.09.2022,7.85%,9/4/2022
פיבי (FIBIH),04.09.2022,229.88415,,12.09.2022,7.90%,9/4/2022
דנאל (DANE),04.09.2022,500.0,,21.09.2022,5.02%,9/4/2022
ברנד (BRND),05.09.2022,3.919,,19.09.2022,2.22%,9/5/2022
רימוני (RIMO),05.09.2022,115.0,,20.09.2022,6.71%,9/5/2022
אינרום תעשיות בנייה (INRM),05.09.2022,6.083,,21.09.2022,1.78%,9/5/2022
טיב טעם (TTAM),05.09.2022,5.59809,,15.09.2022,2.21%,9/5/2022
זנלכל (ZNKL),05.09.2022,105.37921,,28.09.2022,9.82%,9/5/2022
אוריין (ORIN),05.09.2022,29.7,,12.09.2022,0.83%,9/5/2022
ישרוטל -ס (ISRO),05.09.2022,84.353,,12.09.2022,0.84%,9/5/2022
מ.ל.ר.ן פרוייקטים ומסחר (MLRN),05.09.2022,15.16331,,14.09.2022,-,9/5/2022
קליל (KLIL),06.09.2022,263.06409,,14.09.2022,2.19%,9/6/2022
חילן (HLAN),06.09.2022,100.0,,14.09.2022,0.51%,9/6/2022
קבוצת אשטרום בעמ (ASHG),06.09.2022,118.54817,,14.09.2022,4.97%,9/6/2022
תיגבור (TIGBUR),07.09.2022,34.08581,,22.09.2022,2.98%,9/7/2022
אלטשולר שחם פיננסים (ALTF),07.09.2022,20.28763,,14.09.2022,12.76%,9/7/2022
פרימוטק (PRMG),07.09.2022,68.71749,,29.09.2022,4.40%,9/7/2022
עמיעד (AMD),07.09.2022,0.06573,,03.10.2022,4.41%,9/7/2022
מיחשוב ישר (CMDR),07.09.2022,285.0,,20.09.2022,11.27%,9/7/2022
אטראו שוקי הון (ATRY),08.09.2022,108.66967,,21.09.2022,11.81%,9/8/2022
פלסאון תעשיות (PLSN),08.09.2022,200.0,,15.09.2022,2.75%,9/8/2022
א.מ.ת (EMCO),08.09.2022,6.0,,20.09.2022,5.05%,9/8/2022
פרידנזון (FRDN),08.09.2022,91.9224,,19.09.2022,9.04%,9/8/2022
רציו אנרגיות (RATIp),08.09.2022,0.02224,,21.09.2022,-,9/8/2022
קווליטאו (QLTU),08.09.2022,153.59962,,15.09.2022,6.04%,9/8/2022
לודן (LUDN),08.09.2022,50.0,,20.09.2022,3.00%,9/8/2022
אלמור חשמל התקנות ושירותים (ELMR),11.09.2022,23.0,,03.10.2022,4.43%,9/11/2022
יוניטרוניקס (UNIT),12.09.2022,108.6762,,22.09.2022,9.44%,9/12/2022
כפרית (KAFR),12.09.2022,16.77378,,29.09.2022,2.50%,9/12/2022
פוקס-ויזל (FOX),13.09.2022,534.94364,,28.09.2022,3.64%,9/13/2022
ויליפוד אינטרנש (WILC),13.09.2022,144.0,,21.09.2022,4.83%,9/13/2022
דלק רכב (DLEA),14.09.2022,235.0,,03.10.2022,18.20%,9/14/2022
בירמן (BIRM),15.09.2022,109.09308,,22.09.2022,15.57%,9/15/2022
טלסיס (TLSY),18.09.2022,346.74358,,03.10.2022,5.25%,9/18/2022
אלקטרה (ELTR),18.09.2022,1095.1023,,02.10.2022,1.07%,9/18/2022
אנרג'יאן (ENOG),18.09.2022,0.3,,30.09.2022,1.82%,9/18/2022
אלקטרה צריכה (ECP),19.09.2022,138.171,,02.10.2022,1.95%,9/19/2022
בזק (BEZQ),21.09.2022,10.63081,,03.10.2022,3.17%,9/21/2022
חברה לישראל (ILCO),28.09.2022,3630.7688,,19.10.2022,2.43%,9/28/2022
אברבוך (AVER),29.09.2022,95.00306,,12.10.2022,5.87%,9/29/2022
אלביט מערכות (ESLT),06.10.2022,0.5,,24.10.2022,1.02%,10/6/2022
תדאה (TEDE),20.10.2022,180.118,,30.10.2022,10.01%,10/20/2022
תמר פטרוליום (TMRP),26.10.2022,0.0678,,07.11.2022,6.26%,10/26/2022
ישראייר גרופ (ISRG),02.11.2022,,,13.11.2022,-,11/2/2022
סינאל (SNEL),06.11.2022,,,07.11.2022,-,11/6/2022
איביאי חיתום (IBIU),10.11.2022,14.2773,,22.11.2022,12.56%,11/10/2022
טכנופלס (TNPV),10.11.2022,213.10747,,17.11.2022,15.14%,11/10/2022
שור-טק יהש (STEC),13.11.2022,,,23.11.2022,-,11/13/2022
בוליגו (BLGO),14.11.2022,7.237,,22.11.2022,0.70%,11/14/2022
אורמת טכנולוגיות (ORA),16.11.2022,0.12,,30.11.2022,0.48%,11/16/2022
מטריקס (MTRX),17.11.2022,55.0,,04.12.2022,5.99%,11/17/2022
בזן (ORL),21.11.2022,6.51,,04.12.2022,9.92%,11/21/2022
סאני תקשורת (SNCM),22.11.2022,4.60335,,30.11.2022,13.03%,11/22/2022
אוברסיז קומרס (OVRS),22.11.2022,5.4534,,13.12.2022,5.39%,11/22/2022
פנינסולה (PEN),22.11.2022,4.88012,,30.11.2022,8.55%,11/22/2022
שרין טכנו (SARN),23.11.2022,0.006902,,09.12.2022,11.01%,11/23/2022
עשות (ASHO),23.11.2022,14.84788,,01.12.2022,0.86%,11/23/2022
אסאר אקורד (SRAC),23.11.2022,59.50579,,01.12.2022,3.81%,11/23/2022
קרור (KRUR),24.11.2022,79.50684,,01.12.2022,3.49%,11/24/2022
אופל בלאנס (OPAL),24.11.2022,2.77231,,04.12.2022,6.83%,11/24/2022
נובולוג (NVLG),24.11.2022,3.24354,,01.12.2022,2.24%,11/24/2022
מניף שירותים פיננסיים (MNIF),24.11.2022,20.67015,,05.12.2022,7.99%,11/24/2022
אפריקה מגורים (AFRE),24.11.2022,110.72852,,13.12.2022,4.15%,11/24/2022
מימון ישיר (DIFI),27.11.2022,936.60673,,06.12.2022,6.73%,11/27/2022
פליינג ספארק (FLYS),28.11.2022,,,08.12.2022,-,11/28/2022
לפידות (LAPD),28.11.2022,40.37607,,05.12.2022,2.50%,11/28/2022
אלרון (ELRN),28.11.2022,0.66351,,12.12.2022,25.36%,11/28/2022
דלתא מותגים (DLTI),28.11.2022,40.188,,06.12.2022,4.68%,11/28/2022
דלתא (DELG),29.11.2022,0.234,,06.12.2022,-,11/29/2022
איי.סי.אל (ICL),30.11.2022,83.54485,,14.12.2022,10.57%,11/30/2022
אי.טי.ג'י.איי (ETGA),30.11.2022,22.3436,,08.12.2022,4.24%,11/30/2022
דנאל (DANE),30.11.2022,500.0,,18.12.2022,6.69%,11/30/2022
וואן טכנולוגיות (ONE),30.11.2022,37.75321,,13.12.2022,2.89%,11/30/2022
בינלאומי (FIBI),30.11.2022,234.22696,,08.12.2022,6.25%,11/30/2022
רימוני (RIMO),01.12.2022,72.0,,20.12.2022,9.14%,12/1/2022
פועלים (POLI),01.12.2022,40.09464,,11.12.2022,2.15%,12/1/2022
The Gold Bond (GOLD),01.12.2022,63.0,,15.12.2022,1.10%,12/1/2022
אינרום תעשיות בנייה (INRM),01.12.2022,6.60372,,14.12.2022,2.11%,12/1/2022
טיב טעם (TTAM),01.12.2022,3.52283,,11.12.2022,2.58%,12/1/2022
דיסקונט (DSCT),04.12.2022,14.43803,,13.12.2022,2.49%,12/4/2022
נאוי (NAWI),04.12.2022,72.10421,,11.12.2022,9.42%,12/4/2022
מלם תים (MLTM),04.12.2022,100.0,,12.12.2022,3.03%,12/4/2022
שנפ (SHNP),04.12.2022,9.45262,,08.12.2022,6.52%,12/4/2022
פרשקובסקי (PRSK),04.12.2022,50.0,,12.12.2022,2.57%,12/4/2022
פולירם תעשיות פלסטיק (POLP),04.12.2022,9.37562,,19.12.2022,4.22%,12/4/2022
א.נ שוהם ביזנס (SHOM),04.12.2022,12.86241,,11.12.2022,3.60%,12/4/2022
ג'נריישן קפיטל (GNRS),05.12.2022,4.34798,,13.12.2022,3.45%,12/5/2022
אי.בי.אי. (IBI),05.12.2022,78.987,,12.12.2022,3.40%,12/5/2022
גלוברנדס (GLRS),05.12.2022,2034.1741,,15.12.2022,11.36%,12/5/2022
פורמולה מערכות (FORTY),05.12.2022,216.0,,20.12.2022,1.63%,12/5/2022
כהן פיתוח (CDEV),06.12.2022,0.75947,,15.12.2022,5.55%,12/6/2022
דן מלונות (DANH),06.12.2022,20.0,,20.12.2022,0.77%,12/6/2022
איסתא (ISTA),06.12.2022,63.35592,,27.12.2022,1.97%,12/6/2022
ויליפוד אינטרנש (WILC),06.12.2022,108.0,,14.12.2022,7.13%,12/6/2022
אנרג'יקס (ENRG),06.12.2022,5.0,,13.12.2022,1.60%,12/6/2022
אלטשולר שחם פיננסים (ALTF),06.12.2022,19.26657,,13.12.2022,17.34%,12/6/2022
הייפר גלובל (HIPR),06.12.2022,26.0,,15.12.2022,1.48%,12/6/2022
מזרחי טפחות (MZTF),06.12.2022,137.43023,,13.12.2022,2.94%,12/6/2022
מנורה מב החז (MMHD),06.12.2022,80.79762,,14.12.2022,1.05%,12/6/2022
דניה סיבוס (DNYA),06.12.2022,112.27601,,05.01.2023,4.57%,12/6/2022
תיגבור (TIGBUR),07.12.2022,23.2895,,22.12.2022,3.78%,12/7/2022
רמי לוי (RMLI),07.12.2022,261.33195,,14.12.2022,5.61%,12/7/2022
יצוא (EXPO),07.12.2022,35.42782,,22.12.2022,1.89%,12/7/2022
פרידנזון (FRDN),07.12.2022,122.5632,,15.12.2022,4.15%,12/7/2022
גלובל כנפיים (GKL),07.12.2022,,,18.12.2022,-,12/7/2022
מיחשוב ישר (CMDR),07.12.2022,290.0,,20.12.2022,13.12%,12/7/2022
ג'י וואן (GOSS),07.12.2022,7.39964,,14.12.2022,8.04%,12/7/2022
מ.ל.ר.ן פרוייקטים ומסחר (MLRN),08.12.2022,15.16331,,20.12.2022,-,12/8/2022
אטראו שוקי הון (ATRY),08.12.2022,129.04523,,21.12.2022,14.26%,12/8/2022
א.מ.ת (EMCO),08.12.2022,4.3,,19.12.2022,4.80%,12/8/2022
ויקטורי (VCTR),08.12.2022,83.55674,,18.12.2022,2.06%,12/8/2022
פיבי (FIBIH),08.12.2022,315.91441,,18.12.2022,8.28%,12/8/2022
לאומי (LUMI),11.12.2022,23.07769,,19.12.2022,3.57%,12/11/2022
אנרג'יאן (ENOG),11.12.2022,0.3,,30.12.2022,3.79%,12/11/2022
כפרית (KAFR),12.12.2022,16.77378,,29.12.2022,3.44%,12/12/2022
י.ד. מור השקעות (MRIN),13.12.2022,26.2999,,21.12.2022,5.35%,12/13/2022
רוטשטיין (ROTS),13.12.2022,116.77952,,20.12.2022,4.88%,12/13/2022
על בד (ALBA),14.12.2022,,,25.12.2022,-,12/14/2022
סמארט אגרו (SMAG),14.12.2022,,,25.12.2022,-,12/14/2022
שיכון ובינוי (SKBN),14.12.2022,,,25.12.2022,-,12/14/2022
Malam Team Holdings (MLTH),15.12.2022,300.0,,02.01.2023,0.70%,12/15/2022
ירושלים (JBNK),18.12.2022,49.73217,,01.01.2023,8.38%,12/18/2022
טלסיס (TLSY),20.12.2022,346.74358,,04.01.2023,5.65%,12/20/2022
קדימהסטם (KDST),22.12.2022,,,02.01.2023,-,12/22/2022
ניו-מד אנרג יהש (NWMDp),26.12.2022,0.0426,,19.01.2023,5.51%,12/26/2022
אלביט מערכות (ESLT),27.12.2022,0.5,,09.01.2023,1.20%,12/27/2022
הראל השקעות (HARL),05.01.2023,47.3728,,05.02.2023,6.01%,1/5/2023
ישראמקו נגב (ISRAp),10.01.2023,0.00291,,18.01.2023,0.85%,1/10/2023
גולן פלסטיק (GRIN),11.01.2023,52.58263,,19.01.2023,5.24%,1/11/2023
צרפתי (SRFT),18.01.2023,85.249,,01.02.2023,7.48%,1/18/2023
קיסטון ריט (KSTN),26.01.2023,6.55748,,02.02.2023,8.68%,1/26/2023
קרור (KRUR),29.01.2023,198.7671,,05.02.2023,5.87%,1/29/2023
נפטא (NFTA),01.02.2023,350.44145,,08.02.2023,19.82%,2/1/2023
סילבר קסטל (SLCL),16.02.2023,,,02.03.2023,-,2/16/2023
אודיוקודס (AUDC),21.02.2023,0.18,,07.03.2023,2.10%,2/21/2023
דלתא מותגים (DLTI),21.02.2023,72.908,,01.03.2023,4.51%,2/21/2023
דלתא (DELG),22.02.2023,0.312,,14.03.2023,-,2/22/2023
איי.סי.אל (ICL),01.03.2023,50.72844,,15.03.2023,11.68%,3/1/2023
דלק קבוצה (DLEKG),02.03.2023,2518.57,,15.03.2023,7.12%,3/2/2023
מניף שירותים פיננסיים (MNIF),08.03.2023,14.0557,,16.03.2023,7.63%,3/8/2023
אורמת טכנולוגיות (ORA),08.03.2023,0.12,,22.03.2023,0.55%,3/8/2023
אנרג'יאן (ENOG),12.03.2023,0.3,,30.03.2023,5.85%,3/12/2023
פיימנט (PMNT),13.03.2023,8.3481,,20.03.2023,2.58%,3/13/2023
אנרג'יקס (ENRG),14.03.2023,25.0,,29.03.2023,3.64%,3/14/2023
נקסט ויז'ן (NXSN),19.03.2023,0.07062,,28.03.2023,2.29%,3/19/2023
דניה סיבוס (DNYA),20.03.2023,128.31544,,17.04.2023,6.41%,3/20/2023
ישראכרט (ISCD),20.03.2023,12.78446,,27.03.2023,1.93%,3/20/2023
פועלים (POLI),20.03.2023,39.27114,,30.03.2023,3.43%,3/20/2023
פולירם תעשיות פלסטיק (POLP),21.03.2023,11.24366,,03.04.2023,4.44%,3/21/2023
מזרחי טפחות (MZTF),21.03.2023,126.79362,,28.03.2023,3.31%,3/21/2023
בזן (ORL),21.03.2023,22.53,,29.03.2023,29.00%,3/21/2023
דיסקונט (DSCT),22.03.2023,15.18175,,30.03.2023,3.10%,3/22/2023
פנינסולה (PEN),22.03.2023,5.25514,,30.03.2023,12.12%,3/22/2023
תדיראן (TDRN),22.03.2023,40.76403,,30.03.2023,1.59%,3/22/2023
ארית תעשיות (ARYT),23.03.2023,9.0,,30.03.2023,5.27%,3/23/2023
סאני תקשורת (SNCM),23.03.2023,13.71798,,02.04.2023,21.06%,3/23/2023
מימון ישיר (DIFI),23.03.2023,712.66864,,02.04.2023,9.23%,3/23/2023
לודן (LUDN),26.03.2023,100.0,,20.04.2023,10.30%,3/26/2023
נתנאל גרופ (NTGR),26.03.2023,,,29.03.2023,-,3/26/2023
קרדן נדלן (KARE),26.03.2023,18.9437,,19.04.2023,5.34%,3/26/2023
סיאון (CION),26.03.2023,0.34,,31.03.2023,13.64%,3/26/2023
ירושלים (JBNK),27.03.2023,19.71135,,16.04.2023,11.75%,3/27/2023
לאומי (LUMI),27.03.2023,45.19769,,04.04.2023,3.91%,3/27/2023
אאורה השקעות (AURA),27.03.2023,3.1191,,04.04.2023,1.65%,3/27/2023
נובולוג (NVLG),27.03.2023,3.32217,,03.04.2023,3.18%,3/27/2023
לכיש (LHIS),27.03.2023,25.0,,04.04.2023,2.25%,3/27/2023
"מקס סטוק בע""מ (MAXO)",27.03.2023,43.1723,,03.04.2023,10.02%,3/27/2023
אי.בי.אי. (IBI),27.03.2023,394.93522,,03.04.2023,8.93%,3/27/2023
בינלאומי (FIBI),28.03.2023,267.1184,,04.04.2023,6.02%,3/28/2023
לפידות (LAPD),28.03.2023,16.15043,,04.04.2023,2.65%,3/28/2023
ברקת קפיטל (BRKT),28.03.2023,9.25616,,04.04.2023,7.17%,3/28/2023
חילן (HLAN),28.03.2023,125.0,,20.04.2023,1.51%,3/28/2023
אי.טי.ג'י.איי (ETGA),28.03.2023,17.87345,,09.04.2023,4.85%,3/28/2023
אוברסיז קומרס (OVRS),28.03.2023,1.8178,,17.04.2023,5.21%,3/28/2023
מטריקס (MTRX),29.03.2023,59.0,,16.04.2023,7.12%,3/29/2023
אלמוגים החזקות (ALMA),29.03.2023,53.57133,,09.04.2023,10.35%,3/29/2023
אורון אחזקות והשקעות (ORON),29.03.2023,15.35505,,17.04.2023,2.57%,3/29/2023
הייפר גלובל (HIPR),30.03.2023,19.0,,17.04.2023,2.88%,3/30/2023
וואן טכנולוגיות (ONE),30.03.2023,40.54974,,13.04.2023,3.96%,3/30/2023
הפניקס (PHOE),30.03.2023,70.201,,10.04.2023,3.76%,3/30/2023
אינרום תעשיות בנייה (INRM),30.03.2023,14.9948,,19.04.2023,2.63%,3/30/2023
מלם תים (MLTM),30.03.2023,50.0,,13.04.2023,3.73%,3/30/2023
קבוצת אשטרום בעמ (ASHG),30.03.2023,197.576,,13.04.2023,5.83%,3/30/2023
אלטשולר שחם פיננסים (ALTF),30.03.2023,16.21461,,16.04.2023,22.06%,3/30/2023
אילקס מדיקל (ILX),30.03.2023,191.653,,10.04.2023,2.31%,3/30/2023
רם-און השקעות והחזקות (RMN),30.03.2023,16.4927,,17.04.2023,3.16%,3/30/2023
שפיר הנדסה (SPEN),30.03.2023,19.59421,,11.04.2023,0.75%,3/30/2023
אלמור חשמל התקנות ושירותים (ELMR),02.04.2023,20.0,,20.04.2023,4.25%,4/2/2023
אלקטרה צריכה (ECP),02.04.2023,162.138,,16.04.2023,3.09%,4/2/2023
איידיאיי ביטוח (IDIN),02.04.2023,272.57402,,16.04.2023,3.09%,4/2/2023
"תעשיות מספנות ישראל בע""מ (ISHI)",02.04.2023,140.0,,16.04.2023,1.85%,4/2/2023
דנאל (DANE),02.04.2023,200.0,,20.04.2023,6.46%,4/2/2023
אפריקה מגורים (AFRE),02.04.2023,142.36523,,20.04.2023,4.03%,4/2/2023
ברימאג-ס (BRMG),02.04.2023,74.17289,,20.04.2023,5.56%,4/2/2023
יוחננוף (YHNF),02.04.2023,414.0,,16.04.2023,2.50%,4/2/2023
אראסאל (RSEL),02.04.2023,38.07294,,24.04.2023,8.11%,4/2/2023
מגדלי הים התיכון (MDTR),03.04.2023,39.89457,,18.04.2023,5.62%,4/3/2023
א.מ.ת (EMCO),03.04.2023,7.0,,18.04.2023,7.40%,4/3/2023
אלקטרה (ELTR),03.04.2023,1042.3197,,02.05.2023,1.39%,4/3/2023
אקרשטיין (ACKR),03.04.2023,13.91256,,17.04.2023,3.27%,4/3/2023
רימוני (RIMO),03.04.2023,45.0,,23.04.2023,5.78%,4/3/2023
The Gold Bond (GOLD),04.04.2023,143.0,,20.04.2023,1.54%,4/4/2023
תורפז (TRPZ),04.04.2023,18.0,,18.04.2023,1.42%,4/4/2023
דן מלונות (DANH),04.04.2023,20.0,,19.04.2023,1.75%,4/4/2023
פרידנזון (FRDN),04.04.2023,122.5632,,19.04.2023,6.75%,4/4/2023
רוטשטיין (ROTS),04.04.2023,77.85301,,19.04.2023,7.92%,4/4/2023
אלקו (ELCO),04.04.2023,184.294,,17.04.2023,2.03%,4/4/2023
ויליפוד אינטרנש (WILC),04.04.2023,216.0,,18.04.2023,8.80%,4/4/2023
עילדב-ש (ELDAV),04.04.2023,9.78195,,18.04.2023,7.88%,4/4/2023
אופל בלאנס (OPAL),04.04.2023,3.44149,,19.04.2023,7.13%,4/4/2023
רימון (RMON),04.04.2023,71.44859,,20.04.2023,2.66%,4/4/2023
ג'י וואן (GOSS),04.04.2023,11.78926,,18.04.2023,10.23%,4/4/2023
תמר פטרוליום (TMRP),04.04.2023,0.113,,20.04.2023,11.38%,4/4/2023
סנו (SANO1),04.04.2023,350.0,,18.04.2023,1.74%,4/4/2023
אסאר אקורד (SRAC),09.04.2023,37.20529,,18.04.2023,6.00%,4/9/2023
שנפ (SHNP),09.04.2023,39.3859,,18.04.2023,5.87%,4/9/2023
ניו-מד אנרג יהש (NWMDp),09.04.2023,0.05112,,20.04.2023,6.18%,4/9/2023
רפק (RPAC),09.04.2023,22.0,,23.04.2023,0.81%,4/9/2023
עשות (ASHO),09.04.2023,42.4225,,19.04.2023,3.77%,4/9/2023
ריטיילורס (RTLS),09.04.2023,217.5839,,23.04.2023,3.11%,4/9/2023
סאפיינס (SPNS),10.04.2023,0.25,,24.04.2023,4.48%,4/10/2023
אנליסט (ANLT),10.04.2023,45.0,,27.04.2023,1.86%,4/10/2023
רמי לוי (RMLI),10.04.2023,326.66494,,20.04.2023,5.86%,4/10/2023
ראלקו (RLCO),10.04.2023,306.17834,,20.04.2023,8.85%,4/10/2023
מג'יק (MGIC),10.04.2023,0.3,,20.04.2023,4.36%,4/10/2023
מנורה מב החז (MMHD),10.04.2023,161.59524,,20.04.2023,3.20%,4/10/2023
פיבי (FIBIH),10.04.2023,363.86571,,20.04.2023,8.74%,4/10/2023
קנון הולדינגס (KEN),10.04.2023,2.79,,19.04.2023,42.33%,4/10/2023
רבל (RVL),10.04.2023,23.42001,,27.04.2023,4.87%,4/10/2023
טיב טעם (TTAM),10.04.2023,4.83628,,20.04.2023,2.68%,4/10/2023
רציו אנרגיות (RATIp),10.04.2023,0.03114,,24.04.2023,7.05%,4/10/2023
קרסו מוטורס (CRSM),13.04.2023,142.20507,,20.04.2023,17.17%,4/13/2023
מנדלסון תשתיות ותעשיות (MNIN),13.04.2023,65.6232,,30.04.2023,7.51%,4/13/2023
סיאי (CISY),13.04.2023,20.0,,20.04.2023,1.97%,4/13/2023
כפרית (KAFR),13.04.2023,16.75972,,24.04.2023,3.80%,4/13/2023
או.אר.טי (ORTC),13.04.2023,50.0,,27.04.2023,5.13%,4/13/2023
עמיר שיווק (AMRK),13.04.2023,100.0,,04.05.2023,4.27%,4/13/2023
קווליטאו (QLTU),13.04.2023,227.51469,,24.04.2023,7.99%,4/13/2023
פלרם (PLRM),13.04.2023,155.48782,,20.04.2023,5.80%,4/13/2023
מיחשוב ישר (CMDR),13.04.2023,315.0,,27.04.2023,5.45%,4/13/2023
תיגבור (TIGBUR),13.04.2023,30.66779,,23.04.2023,4.03%,4/13/2023
פוקס-ויזל (FOX),16.04.2023,635.77597,,30.04.2023,3.89%,4/16/2023
קיסטון ריט (KSTN),16.04.2023,6.55748,,23.04.2023,2.47%,4/16/2023
בריל (BRIL),16.04.2023,250.0,,10.05.2023,12.85%,4/16/2023
שירותי בנקאות אוטומטיים (SHVA),16.04.2023,55.0,,24.04.2023,4.26%,4/16/2023
אטראו שוקי הון (ATRY),16.04.2023,135.83708,,24.04.2023,13.23%,4/16/2023
דמרי (DIMRI),17.04.2023,267.26718,,02.05.2023,2.43%,4/17/2023
אלביט מערכות (ESLT),18.04.2023,0.5,,01.05.2023,1.13%,4/18/2023
קשרי תעופה (AVIA),18.04.2023,0.47015,,01.05.2023,12.12%,4/18/2023
אייקון גרופ (ICON),18.04.2023,17.69524,,02.05.2023,3.02%,4/18/2023
פרקומט (PRKM),18.04.2023,4.4045,,27.04.2023,0.54%,4/18/2023
פמס (FBRT),20.04.2023,163.133,,11.05.2023,1.50%,4/20/2023
טופ מערכות-ס (TOPS),23.04.2023,23.59869,,08.05.2023,2.35%,4/23/2023
יצוא (EXPO),27.04.2023,79.7126,,11.05.2023,3.17%,4/27/2023
אמיליה פיתוח (EMDV),27.04.2023,65.37168,,03.05.2023,2.96%,4/27/2023
פלסטו-קרגל (PLCR),30.04.2023,,,15.05.2023,-,4/30/2023
דלק רכב (DLEA),01.05.2023,100.0,,22.05.2023,19.70%,5/1/2023
מגדל ביטוח (MGDL),01.05.2023,3.03631,,08.05.2023,0.78%,5/1/2023
בירמן (BIRM),02.05.2023,45.45545,,10.05.2023,24.12%,5/2/2023
תיקון עולם (TKUN),02.05.2023,,,14.05.2023,-,5/2/2023
שרין טכנו (SARN),02.05.2023,0.01334,,12.05.2023,9.16%,5/2/2023
דור אלון (DRAL),02.05.2023,631.84493,,09.05.2023,8.34%,5/2/2023
מילניום פוד יהש (MIFT),02.05.2023,,,14.05.2023,-,5/2/2023
בזק (BEZQ),04.05.2023,8.89211,,11.05.2023,3.78%,5/4/2023
מצלאוי (MSLA),07.05.2023,54.26184,,21.05.2023,4.97%,5/7/2023
אמנת (AMAN),09.05.2023,30.278,,25.05.2023,1.60%,5/9/2023
מיטב השקעות (MTAV),11.05.2023,,,22.05.2023,-,5/11/2023
מניף שירותים פיננסיים (MNIF),21.05.2023,15.7093,,30.05.2023,7.26%,5/21/2023
לפידות חלץ יהש (LPHLp),21.05.2023,9.27004,,28.05.2023,6.37%,5/21/2023
הייפר גלובל (HIPR),22.05.2023,8.0,,05.06.2023,3.13%,5/22/2023
קרור (KRUR),22.05.2023,79.50684,,31.05.2023,4.15%,5/22/2023
ניו-מד אנרג יהש (NWMDp),22.05.2023,0.0426,,15.06.2023,5.94%,5/22/2023
מטריקס (MTRX),22.05.2023,71.0,,05.06.2023,6.20%,5/22/2023
אורמת טכנולוגיות (ORA),23.05.2023,0.12,,06.06.2023,0.57%,5/23/2023
דלתא מותגים (DLTI),23.05.2023,30.108,,01.06.2023,4.26%,5/23/2023
אוברסיז קומרס (OVRS),24.05.2023,3.99916,,14.06.2023,4.39%,5/24/2023
בינלאומי (FIBI),24.05.2023,219.2763,,01.06.2023,6.19%,5/24/2023
דלתא (DELG),24.05.2023,0.156,,06.06.2023,2.39%,5/24/2023
פולירם תעשיות פלסטיק (POLP),24.05.2023,9.36971,,05.06.2023,4.20%,5/24/2023
מזרחי טפחות (MZTF),24.05.2023,159.35015,,01.06.2023,4.27%,5/24/2023
מיטרוניקס (MTRN),29.05.2023,40.15599,,25.06.2023,2.23%,5/29/2023
דניה סיבוס (DNYA),29.05.2023,128.15512,,20.06.2023,5.23%,5/29/2023
דיסקונט (DSCT),29.05.2023,30.77579,,06.06.2023,3.69%,5/29/2023
ישראמקו נגב (ISRAp),30.05.2023,7.02035,,06.06.2023,-,5/30/2023
דנאל (DANE),30.05.2023,250.0,,21.06.2023,6.38%,5/30/2023
הולמס פלייס (HLMS),30.05.2023,43.9156,,08.06.2023,8.68%,5/30/2023
אנרג'יקס (ENRG),30.05.2023,7.0,,06.06.2023,3.57%,5/30/2023
מימון ישיר (DIFI),31.05.2023,799.97457,,07.06.2023,8.18%,5/31/2023
איי.סי.אל (ICL),31.05.2023,42.00072,,14.06.2023,12.83%,5/31/2023
פנינסולה (PEN),31.05.2023,5.24596,,08.06.2023,10.83%,5/31/2023
וואן טכנולוגיות (ONE),31.05.2023,40.54974,,14.06.2023,3.40%,5/31/2023
פועלים (POLI),01.06.2023,60.04783,,14.06.2023,5.65%,6/1/2023
אסאר אקורד (SRAC),01.06.2023,37.48344,,12.06.2023,4.97%,6/1/2023
לפידות (LAPD),01.06.2023,16.15325,,13.06.2023,2.10%,6/1/2023
א.מ.ת (EMCO),01.06.2023,8.0,,15.06.2023,2.58%,6/1/2023
סיאון (CION),01.06.2023,0.34,,15.06.2023,13.61%,6/1/2023
אופל בלאנס (OPAL),01.06.2023,3.1547,,11.06.2023,7.26%,6/1/2023
רימוני (RIMO),04.06.2023,75.0,,29.06.2023,4.92%,6/4/2023
אלטשולר שחם פיננסים (ALTF),04.06.2023,14.68785,,13.06.2023,9.97%,6/4/2023
אינרום תעשיות בנייה (INRM),04.06.2023,7.05296,,14.06.2023,2.72%,6/4/2023
שנפ (SHNP),04.06.2023,7.87718,,08.06.2023,6.60%,6/4/2023
דיפלומט (DIPL),04.06.2023,73.07693,,11.06.2023,2.15%,6/4/2023
פיבי (FIBIH),05.06.2023,297.5801,,13.06.2023,7.96%,6/5/2023
פרשקובסקי (PRSK),05.06.2023,50.0,,13.06.2023,1.88%,6/5/2023
מלם תים (MLTM),05.06.2023,100.0,,14.06.2023,4.06%,6/5/2023
פורמולה מערכות (FORTY),05.06.2023,230.0,,22.06.2023,1.77%,6/5/2023
מ.ל.ר.ן פרוייקטים ומסחר (MLRN),05.06.2023,20.17763,,14.06.2023,7.90%,6/5/2023
דמרי (DIMRI),06.06.2023,64.14412,,29.06.2023,2.54%,6/6/2023
פרידנזון (FRDN),06.06.2023,91.9224,,15.06.2023,7.27%,6/6/2023
אפריקה מגורים (AFRE),06.06.2023,142.36523,,15.06.2023,3.62%,6/6/2023
ראלקו (RLCO),06.06.2023,183.707,,13.06.2023,13.08%,6/6/2023
כהן פיתוח (CDEV),07.06.2023,1.36705,,15.06.2023,7.65%,6/7/2023
לאומי (LUMI),07.06.2023,19.09948,,15.06.2023,4.25%,6/7/2023
ארד (ARD),07.06.2023,0.465,,22.06.2023,3.19%,6/7/2023
טיב טעם (TTAM),08.06.2023,2.88977,,18.06.2023,2.75%,6/8/2023
איביאי חיתום (IBIU),08.06.2023,,,22.06.2023,-,6/8/2023
רמי לוי (RMLI),08.06.2023,370.22027,,15.06.2023,5.14%,6/8/2023
ג'י וואן (GOSS),08.06.2023,5.39296,,15.06.2023,9.07%,6/8/2023
צור (ZUR),08.06.2023,7.68051,,22.06.2023,1.53%,6/8/2023
יוניטרוניקס (UNIT),08.06.2023,72.41613,,20.06.2023,7.64%,6/8/2023
אי.טי.ג'י.איי (ETGA),08.06.2023,17.76646,,18.06.2023,5.17%,6/8/2023
מיחשוב ישר (CMDR),08.06.2023,320.0,,20.06.2023,4.47%,6/8/2023
אי.בי.אי. (IBI),08.06.2023,276.45465,,15.06.2023,8.92%,6/8/2023
אנרג'יאן (ENOG),11.06.2023,0.3,,30.06.2023,8.38%,6/11/2023
אטראו שוקי הון (ATRY),11.06.2023,115.46152,,21.06.2023,9.87%,6/11/2023
קופיקס גרופ בעמ (CFX),12.06.2023,,,22.06.2023,-,6/12/2023
פייטון (PAYT),12.06.2023,0.785,,28.06.2023,5.74%,6/12/2023
המשביר 365 (MSBI),12.06.2023,5.147,,19.06.2023,5.32%,6/12/2023
ברנד (BRND),12.06.2023,2.93925,,03.07.2023,2.79%,6/12/2023
תיגבור (TIGBUR),13.06.2023,38.07037,,25.06.2023,3.55%,6/13/2023
דלק קבוצה (DLEKG),13.06.2023,1087.44,,27.06.2023,8.07%,6/13/2023
י.ד. מור השקעות (MRIN),13.06.2023,14.02724,,21.06.2023,4.05%,6/13/2023
כפרית (KAFR),15.06.2023,16.75972,,29.06.2023,3.98%,6/15/2023
גלוברנדס (GLRS),18.06.2023,2603.7428,,26.06.2023,10.44%,6/18/2023
טלסיס (TLSY),19.06.2023,308.21651,,04.07.2023,4.05%,6/19/2023
קיסטון ריט (KSTN),25.06.2023,6.55748,,03.07.2023,3.06%,6/25/2023
אלביט מערכות (ESLT),26.06.2023,0.5,,10.07.2023,0.95%,6/26/2023
"מיכמן בס""ד (MCMN)",27.06.2023,406.64597,,04.07.2023,2.16%,6/27/2023
דלק רכב (DLEA),03.07.2023,100.0,,26.07.2023,14.68%,7/3/2023
מולטי ריטייל (MRG),05.07.2023,,,16.07.2023,-,7/5/2023
תדאה (TEDE),12.07.2023,54.036,,19.07.2023,18.99%,7/12/2023
איביאי חיתום (IBIU),13.08.2023,15.51257,,22.08.2023,-,8/13/2023
אוברסיז קומרס (OVRS),15.08.2023,4.09005,,06.09.2023,3.87%,8/15/2023
דלתא מותגים (DLTI),15.08.2023,40.216,,23.08.2023,4.46%,8/15/2023
סאפיינס (SPNS),16.08.2023,0.26,,30.08.2023,1.67%,8/16/2023
אורמת טכנולוגיות (ORA),16.08.2023,0.12,,30.08.2023,0.62%,8/16/2023
פיימנט (PMNT),17.08.2023,8.1253,,24.08.2023,4.13%,8/17/2023
אביב בניה (AVIV),17.08.2023,12.83167,,05.09.2023,0.94%,8/17/2023
דלתא (DELG),17.08.2023,0.272,,30.08.2023,2.49%,8/17/2023
אודיוקודס (AUDC),17.08.2023,0.18,,31.08.2023,3.30%,8/17/2023
סאני תקשורת (SNCM),20.08.2023,27.6201,,31.08.2023,33.36%,8/20/2023
מטריקס (MTRX),20.08.2023,69.0,,03.09.2023,3.31%,8/20/2023
אנרג'יקס (ENRG),21.08.2023,7.0,,29.08.2023,3.49%,8/21/2023
מניף שירותים פיננסיים (MNIF),21.08.2023,16.53612,,29.08.2023,7.01%,8/21/2023
תדיראן (TDRN),22.08.2023,295.83039,,29.08.2023,1.23%,8/22/2023
פנינסולה (PEN),22.08.2023,4.0,,30.08.2023,11.37%,8/22/2023
מזרחי טפחות (MZTF),22.08.2023,190.10133,,29.08.2023,4.69%,8/22/2023
בינלאומי (FIBI),23.08.2023,219.2763,,31.08.2023,5.96%,8/23/2023
דיסקונט (DSCT),23.08.2023,28.78713,,03.09.2023,4.55%,8/23/2023
פועלים (POLI),23.08.2023,57.50534,,06.09.2023,5.99%,8/23/2023
אינרום תעשיות בנייה (INRM),23.08.2023,5.53437,,06.09.2023,2.73%,8/23/2023
ג'י וואן (GOSS),23.08.2023,11.28759,,30.08.2023,8.63%,8/23/2023
נאוי (NAWI),24.08.2023,112.48207,,01.09.2023,6.51%,8/24/2023
ישראכרט (ISCD),24.08.2023,21.11397,,03.09.2023,2.17%,8/24/2023
הייפר גלובל (HIPR),24.08.2023,5.4,,11.09.2023,3.83%,8/24/2023
פז נפט (PAZ),24.08.2023,,,30.08.2023,-,8/24/2023
רמי לוי (RMLI),24.08.2023,515.40468,,03.09.2023,6.85%,8/24/2023
דניה סיבוס (DNYA),24.08.2023,127.83922,,21.09.2023,4.87%,8/24/2023
לכיש (LHIS),27.08.2023,28.0,,11.09.2023,3.03%,8/27/2023
טיב טעם (TTAM),27.08.2023,4.36465,,07.09.2023,2.64%,8/27/2023
גרופ 107 (G107),27.08.2023,,,06.09.2023,-,8/27/2023
דמרי (DIMRI),27.08.2023,64.14412,,07.09.2023,1.63%,8/27/2023
אי.טי.ג'י.איי (ETGA),27.08.2023,15.54565,,04.09.2023,5.94%,8/27/2023
מיטב השקעות (MTAV),27.08.2023,13.0,,11.09.2023,-,8/27/2023
גרופ 107 (G107),27.08.2023,,,06.09.2023,-,8/27/2023
בזן (ORL),27.08.2023,0.01576,,07.09.2023,-,8/27/2023
איידיאיי ביטוח (IDIN),28.08.2023,272.57402,,11.09.2023,6.49%,8/28/2023
עשות (ASHO),28.08.2023,42.4225,,04.09.2023,5.91%,8/28/2023
שרין טכנו (SARN),28.08.2023,0.003394,,14.09.2023,6.71%,8/28/2023
לאומי (LUMI),28.08.2023,48.05453,,07.09.2023,4.45%,8/28/2023
אופל בלאנס (OPAL),29.08.2023,3.0591,,05.09.2023,8.23%,8/29/2023
ירושלים (JBNK),29.08.2023,30.63059,,11.09.2023,7.60%,8/29/2023
ויקטורי (VCTR),29.08.2023,104.44592,,21.09.2023,5.74%,8/29/2023
חמת (HAMAT),29.08.2023,27.27181,,07.09.2023,2.04%,8/29/2023
יוניטרוניקס (UNIT),30.08.2023,205.60376,,21.09.2023,9.21%,8/30/2023
מג'יק (MGIC),30.08.2023,0.327,,13.09.2023,5.27%,8/30/2023
איי.סי.אל (ICL),30.08.2023,24.07037,,13.09.2023,8.62%,8/30/2023
נתנאל גרופ (NTGR),30.08.2023,88.57,,06.09.2023,-,8/30/2023
אלטשולר שחם פיננסים (ALTF),30.08.2023,11.64505,,10.09.2023,10.13%,8/30/2023
ניו-מד אנרג יהש (NWMDp),30.08.2023,0.0426,,14.09.2023,6.16%,8/30/2023
אפריקה מגורים (AFRE),31.08.2023,174.00196,,12.09.2023,3.22%,8/31/2023
וואן טכנולוגיות (ONE),31.08.2023,40.54974,,14.09.2023,3.29%,8/31/2023
הפניקס (PHOE),31.08.2023,47.311,,07.09.2023,3.03%,8/31/2023
רציו אנרגיות (RATIp),31.08.2023,0.02669,,14.09.2023,7.00%,8/31/2023
י.ד. מור השקעות (MRIN),31.08.2023,37.46839,,10.09.2023,9.68%,8/31/2023
פרידנזון (FRDN),31.08.2023,183.84,,11.09.2023,10.42%,8/31/2023
פולירם תעשיות פלסטיק (POLP),03.09.2023,9.36971,,12.09.2023,3.99%,9/3/2023
שור-טק יהש (STEC),03.09.2023,246.834,,14.09.2023,-,9/3/2023
סיאון (CION),03.09.2023,0.34,,15.09.2023,12.90%,9/3/2023
הולמס פלייס (HLMS),03.09.2023,10.925,,28.09.2023,10.05%,9/3/2023
לסיכו (LSCO),03.09.2023,7.85185,,20.09.2023,2.87%,9/3/2023
תמר פטרוליום (TMRP),03.09.2023,0.113,,14.09.2023,7.02%,9/3/2023
פרשקובסקי (PRSK),03.09.2023,25.0,,10.09.2023,1.45%,9/3/2023
רימוני (RIMO),03.09.2023,60.0,,04.10.2023,4.49%,9/3/2023
לפידות (LAPD),03.09.2023,32.30649,,12.09.2023,1.61%,9/3/2023
דיפלומט (DIPL),03.09.2023,72.89396,,11.09.2023,4.62%,9/3/2023
מימון ישיר (DIFI),03.09.2023,604.12386,,11.09.2023,6.78%,9/3/2023
פיבי (FIBIH),03.09.2023,297.5801,,11.09.2023,7.70%,9/3/2023
אלקטרה (ELTR),04.09.2023,1188.2296,,02.10.2023,1.53%,9/4/2023
קרסו מוטורס (CRSM),04.09.2023,109.36164,,12.09.2023,14.91%,9/4/2023
איירטאצ' סולאר (ARTS),04.09.2023,,,20.09.2023,-,9/4/2023
בית שמש אחזקות (BSEN),05.09.2023,2033.907,,12.09.2023,16.74%,9/5/2023
דלק קבוצה (DLEKG),05.09.2023,1080.69,,19.09.2023,8.30%,9/5/2023
חילן (HLAN),05.09.2023,125.0,,21.09.2023,1.30%,9/5/2023
אי.בי.אי. (IBI),05.09.2023,142.17668,,12.09.2023,7.88%,9/5/2023
אאורה השקעות (AURA),05.09.2023,3.81764,,12.09.2023,0.92%,9/5/2023
ארן (ARAN),05.09.2023,122.80885,,12.09.2023,6.09%,9/5/2023
רם-און השקעות והחזקות (RMN),06.09.2023,15.803,,20.09.2023,3.03%,9/6/2023
מנורה מב החז (MMHD),06.09.2023,121.19643,,14.09.2023,4.49%,9/6/2023
כפרית (KAFR),06.09.2023,16.75972,,28.09.2023,3.92%,9/6/2023
שנפ (SHNP),07.09.2023,15.75436,,14.09.2023,7.52%,9/7/2023
א.מ.ת (EMCO),07.09.2023,5.6,,21.09.2023,3.32%,9/7/2023
ישרוטל -ס (ISRO),07.09.2023,92.7,,21.09.2023,1.30%,9/7/2023
פלסאון תעשיות (PLSN),07.09.2023,200.0,,14.09.2023,1.12%,9/7/2023
אטראו שוקי הון (ATRY),10.09.2023,78.10632,,20.09.2023,8.29%,9/10/2023
מיחשוב ישר (CMDR),10.09.2023,330.0,,26.09.2023,4.62%,9/10/2023
מיטרוניקס (MTRN),10.09.2023,45.58021,,28.09.2023,2.07%,9/10/2023
ריטיילורס (RTLS),10.09.2023,142.44805,,26.09.2023,4.74%,9/10/2023
קווליטאו (QLTU),10.09.2023,131.11438,,19.09.2023,5.69%,9/10/2023
אלקו (ELCO),11.09.2023,73.675,,21.09.2023,2.19%,9/11/2023
כנפיים (KNFM),11.09.2023,70.0,,20.09.2023,5.35%,9/11/2023
פוקס-ויזל (FOX),11.09.2023,254.09841,,26.09.2023,3.38%,9/11/2023
תיגבור (TIGBUR),12.09.2023,48.64547,,21.09.2023,3.29%,9/12/2023
שניב (SHAN),14.09.2023,3.96467,,02.10.2023,1.00%,9/14/2023
אידומו (IDMO),18.09.2023,,,08.10.2023,-,9/18/2023
ויליפוד אינטרנש (WILC),18.09.2023,72.0,,26.09.2023,9.92%,9/18/2023
אנרג'יאן (ENOG),18.09.2023,0.3,,29.09.2023,8.20%,9/18/2023
אידומו (IDMO),18.09.2023,,,08.10.2023,-,9/18/2023
טלסיס (TLSY),26.09.2023,319.33791,,11.10.2023,3.53%,9/26/2023
אלמור חשמל התקנות ושירותים (ELMR),28.09.2023,26.0,,12.10.2023,4.94%,9/28/2023
קיסטון ריט (KSTN),28.09.2023,9.83622,,09.10.2023,5.26%,9/28/2023
זנלכל (ZNKL),28.09.2023,112.40449,,19.10.2023,5.49%,9/28/2023
סיאון (CION),01.10.2023,0.05,,16.10.2023,10.15%,10/1/2023
דלק רכב (DLEA),02.10.2023,100.0,,29.10.2023,12.63%,10/2/2023
טלסיס (TLSY),02.10.2023,946.18639,,17.10.2023,9.53%,10/2/2023
טלסיס (TLSY),02.10.2023,606.15066,,17.10.2023,9.53%,10/2/2023
בזק (BEZQ),04.10.2023,14.16789,,11.10.2023,4.30%,10/4/2023
אלביט מערכות (ESLT),10.10.2023,0.5,,23.10.2023,1.01%,10/10/2023
ICP Israel Citrus Plantations 5 (CTPL5),12.10.2023,20042.57,,09.11.2023,16.91%,10/12/2023
ICP Israel Citrus Plantations (CTPL1),12.10.2023,4008.514,,09.11.2023,11.43%,10/12/2023
אמנת (AMAN),16.10.2023,45.9535,,25.10.2023,4.05%,10/16/2023
איביאי חיתום (IBIU),13.11.2023,7.93637,,23.11.2023,-,11/13/2023
אורמת טכנולוגיות (ORA),22.11.2023,0.12,,06.12.2023,0.74%,11/22/2023
דלתא מותגים (DLTI),22.11.2023,32.544,,30.11.2023,4.31%,11/22/2023
פולירם תעשיות פלסטיק (POLP),23.11.2023,9.36258,,04.12.2023,3.85%,11/23/2023
דלתא (DELG),23.11.2023,0.292,,05.12.2023,2.66%,11/23/2023
ניו-מד אנרג יהש (NWMDp),27.11.2023,0.0426,,21.12.2023,8.22%,11/27/2023
פועלים (POLI),27.11.2023,24.97631,,06.12.2023,5.68%,11/27/2023
הייפר גלובל (HIPR),28.11.2023,14.0,,11.12.2023,3.69%,11/28/2023
אנרג'יקס (ENRG),28.11.2023,7.0,,12.12.2023,3.95%,11/28/2023
פנינסולה (PEN),28.11.2023,3.5,,06.12.2023,12.37%,11/28/2023
מיטב השקעות (MTAV),29.11.2023,13.0,,07.12.2023,-,11/29/2023
קרור (KRUR),29.11.2023,318.02736,,07.12.2023,8.24%,11/29/2023
אופל בלאנס (OPAL),30.11.2023,1.43395,,10.12.2023,7.87%,11/30/2023
שנפ (SHNP),30.11.2023,15.75436,,07.12.2023,8.58%,11/30/2023
גלוברנדס (GLRS),30.11.2023,2441.0089,,11.12.2023,12.29%,11/30/2023
וואן טכנולוגיות (ONE),30.11.2023,40.54825,,14.12.2023,3.39%,11/30/2023
סיאון (CION),03.12.2023,0.34,,15.12.2023,12.90%,12/3/2023
רימוני (RIMO),03.12.2023,64.0,,31.12.2023,4.87%,12/3/2023
אלטשולר שחם פיננסים (ALTF),03.12.2023,14.17279,,11.12.2023,10.52%,12/3/2023
אברא (ABRA),03.12.2023,,,13.12.2023,-,12/3/2023
The Gold Bond (GOLD),03.12.2023,76.0,,19.12.2023,1.70%,12/3/2023
רוטשטיין (ROTS),04.12.2023,77.85302,,18.12.2023,5.28%,12/4/2023
לפידות (LAPD),04.12.2023,16.16401,,20.12.2023,1.47%,12/4/2023
איי.סי.אל (ICL),05.12.2023,19.68948,,20.12.2023,7.16%,12/5/2023
אי.בי.אי. (IBI),05.12.2023,118.4595,,12.12.2023,10.45%,12/5/2023
דלק קבוצה (DLEKG),05.12.2023,1350.8,,18.12.2023,11.86%,12/5/2023
מזרחי טפחות (MZTF),05.12.2023,63.86356,,12.12.2023,4.08%,12/5/2023
בינלאומי (FIBI),06.12.2023,89.70394,,14.12.2023,5.33%,12/6/2023
אפריקה מגורים (AFRE),06.12.2023,158.1836,,19.12.2023,3.10%,12/6/2023
ספאנטק (SPNTC),06.12.2023,30.0,,18.12.2023,7.89%,12/6/2023
דיסקונט (DSCT),06.12.2023,9.90694,,17.12.2023,4.68%,12/6/2023
כהן פיתוח (CDEV),06.12.2023,1.51895,,14.12.2023,9.16%,12/6/2023
ג'י וואן (GOSS),07.12.2023,10.03341,,17.12.2023,9.15%,12/7/2023
מיחשוב ישר (CMDR),07.12.2023,320.0,,21.12.2023,5.23%,12/7/2023
לאומי (LUMI),07.12.2023,23.20678,,17.12.2023,4.79%,12/7/2023
אנרג'יאן (ENOG),10.12.2023,0.3,,29.12.2023,9.24%,12/10/2023
אטראו שוקי הון (ATRY),10.12.2023,105.27374,,20.12.2023,8.09%,12/10/2023
רמי לוי (RMLI),10.12.2023,254.07273,,17.12.2023,7.12%,12/10/2023
צור (ZUR),10.12.2023,9.21661,,25.12.2023,3.45%,12/10/2023
טיב טעם (TTAM),10.12.2023,1.39403,,25.12.2023,2.90%,12/10/2023
דניה סיבוס (DNYA),10.12.2023,127.83,,03.01.2024,4.98%,12/10/2023
כפרית (KAFR),10.12.2023,16.75972,,26.12.2023,4.34%,12/10/2023
אסאר אקורד (SRAC),10.12.2023,45.74282,,18.12.2023,4.81%,12/10/2023
פיבי (FIBIH),10.12.2023,118.46791,,18.12.2023,7.05%,12/10/2023
תיגבור (TIGBUR),12.12.2023,19.87445,,21.12.2023,3.90%,12/12/2023
גולן פלסטיק (GRIN),13.12.2023,52.58263,,25.12.2023,11.71%,12/13/2023
בית הזהב (GOHO),13.12.2023,128.8944,,20.12.2023,8.02%,12/13/2023
מימון ישיר (DIFI),14.12.2023,759.4584,,24.12.2023,7.45%,12/14/2023
מגדל ביטוח (MGDL),18.12.2023,2.37212,,25.12.2023,1.26%,12/18/2023
פז נפט (PAZ),21.12.2023,704.6399,,02.01.2024,2.16%,12/21/2023
ישראמקו נגב (ISRAp),21.12.2023,1.158,,28.12.2023,-,12/21/2023
הבורסה לניירות ערך בת''א (TASE),24.12.2023,250.0,,02.01.2024,11.18%,12/24/2023
סיאון (CION),24.12.2023,0.15,,31.01.2024,14.80%,12/24/2023
אלביט מערכות (ESLT),26.12.2023,0.5,,08.01.2024,0.91%,12/26/2023
לודן (LUDN),27.12.2023,75.0,,16.01.2024,11.28%,12/27/2023
פולירם תעשיות פלסטיק (POLP),27.12.2023,16.84389,,04.01.2024,5.12%,12/27/2023
סיאון (CION),31.12.2023,0.05,,15.01.2024,15.27%,12/31/2023
יוניטרוניקס (UNIT),04.01.2024,71.89357,,23.01.2024,10.76%,1/4/2024
רם-און השקעות והחזקות (RMN),04.01.2024,27.7977,,17.01.2024,5.86%,1/4/2024
קיסטון ריט (KSTN),08.01.2024,9.83622,,15.01.2024,7.10%,1/8/2024
גבעות יהש (GIVOp),08.01.2024,,,18.01.2024,-,1/8/2024
פיסיבי טכנ (PCBT),09.01.2024,30.13921,,16.01.2024,7.56%,1/9/2024
אלרון (ELRN),22.01.2024,1.8461249,,05.02.2024,98.57%,1/22/2024
Malam Team Holdings (MLTH),29.01.2024,,,--,-,1/29/2024
טורבוג'ן (TURB),29.01.2024,,,08.02.2024,-,1/29/2024
צרפתי (SRFT),29.01.2024,57.4766,,06.02.2024,2.07%,1/29/2024
מאסיבית טכנולוגיות הדפסה (MSVT),01.02.2024,,,12.02.2024,-,2/1/2024
פייטון (PAYT),14.02.2024,0.95,,12.03.2024,7.00%,2/14/2024
פז בית זיקוק (ARF),14.02.2024,4.39175,,22.02.2024,14.89%,2/14/2024
אודיוקודס (AUDC),20.02.2024,0.18,,06.03.2024,2.67%,2/20/2024
דלתא מותגים (DLTI),28.02.2024,129.236,,07.03.2024,4.03%,2/28/2024
עילדב-ש (ELDAV),03.03.2024,6.98711,,11.03.2024,3.30%,3/3/2024
דלתא (DELG),05.03.2024,0.35,,18.03.2024,2.31%,3/5/2024
אורמת טכנולוגיות (ORA),06.03.2024,0.12,,20.03.2024,0.74%,3/6/2024
פנינסולה (PEN),07.03.2024,3.3,,17.03.2024,10.10%,3/7/2024
פיימנט (PMNT),10.03.2024,5.4023,,18.03.2024,3.70%,3/10/2024
אנרג'יאן (ENOG),10.03.2024,0.3,,29.03.2024,8.63%,3/10/2024
כרמל קורפ (CRML),10.03.2024,,,28.03.2024,-,3/10/2024
הבורסה לניירות ערך בת''א (TASE),14.03.2024,45.003,,21.03.2024,1.92%,3/14/2024
איי.סי.אל (ICL),14.03.2024,17.4216,,26.03.2024,5.62%,3/14/2024
פועלים (POLI),18.03.2024,26.32205,,08.04.2024,4.94%,3/18/2024
הייפר גלובל (HIPR),18.03.2024,10.99795,,04.04.2024,2.06%,3/18/2024
מזרחי טפחות (MZTF),19.03.2024,81.10706,,28.03.2024,3.74%,3/19/2024
נקסט ויז'ן (NXSN),19.03.2024,0.1742078,,28.03.2024,1.34%,3/19/2024
אנרג'יקס (ENRG),19.03.2024,30.0,,27.03.2024,3.85%,3/19/2024
אקרשטיין (ACKR),20.03.2024,17.3907,,04.04.2024,3.38%,3/20/2024
מטריקס (MTRX),20.03.2024,127.0,,15.04.2024,3.28%,3/20/2024
פולירם תעשיות פלסטיק (POLP),20.03.2024,9.35772,,31.03.2024,5.29%,3/20/2024
בינלאומי (FIBI),20.03.2024,268.11511,,31.03.2024,5.14%,3/20/2024
מיטב השקעות (MTAV),21.03.2024,57.0,,01.04.2024,-,3/21/2024
בזן (ORL),21.03.2024,0.04592,,01.04.2024,15.60%,3/21/2024
סיאון (CION),24.03.2024,0.34,,28.03.2024,12.90%,3/24/2024
אופל בלאנס (OPAL),25.03.2024,4.95957,,02.04.2024,7.08%,3/25/2024
תדיראן (TDRN),26.03.2024,264.38384,,03.04.2024,1.85%,3/26/2024
אפריקה מגורים (AFRE),26.03.2024,237.2754,,16.04.2024,2.82%,3/26/2024
ברקת קפיטל (BRKT),26.03.2024,12.033,,03.04.2024,7.34%,3/26/2024
דיסקונט (DSCT),26.03.2024,14.85839,,04.04.2024,4.50%,3/26/2024
תפרון (TFRLF),26.03.2024,0.16,,09.04.2024,2.38%,3/26/2024
קרדן נדלן (KARE),27.03.2024,16.2375,,16.04.2024,3.46%,3/27/2024
לאומי (LUMI),27.03.2024,23.97076,,11.04.2024,3.68%,3/27/2024
פרידנזון (FRDN),27.03.2024,122.5632,,04.04.2024,6.98%,3/27/2024
אי.טי.ג'י.איי (ETGA),27.03.2024,15.8044,,04.04.2024,4.53%,3/27/2024
סנו (SANO1),28.03.2024,575.0,,11.04.2024,1.86%,3/28/2024
ניו-מד אנרג יהש (NWMDp),28.03.2024,0.05112,,11.04.2024,6.77%,3/28/2024
ישראכרט (ISCD),28.03.2024,22.91104,,16.04.2024,3.12%,3/28/2024
לכיש (LHIS),28.03.2024,30.0,,15.04.2024,2.41%,3/28/2024
מנדלסון תשתיות ותעשיות (MNIN),31.03.2024,32.81162,,07.04.2024,3.88%,3/31/2024
"תעשיות מספנות ישראל בע""מ (ISHI)",31.03.2024,120.0,,07.04.2024,1.72%,3/31/2024
רפק (RPAC),31.03.2024,300.0,,16.04.2024,10.03%,3/31/2024
וואן טכנולוגיות (ONE),31.03.2024,45.44201,,14.04.2024,3.07%,3/31/2024
בוליגו (BLGO),01.04.2024,0.04488,,08.04.2024,2.20%,4/1/2024
ירושלים (JBNK),01.04.2024,17.69767,,08.04.2024,3.46%,4/1/2024
נאוי (NAWI),01.04.2024,103.87894,,08.04.2024,7.84%,4/1/2024
פיבי (FIBIH),01.04.2024,363.86571,,09.04.2024,6.43%,4/1/2024
שנפ (SHNP),01.04.2024,39.3859,,08.04.2024,6.22%,4/1/2024
The Gold Bond (GOLD),01.04.2024,80.0,,11.04.2024,1.24%,4/1/2024
תורפז (TRPZ),01.04.2024,14.59163,,09.04.2024,0.95%,4/1/2024
איידיאיי ביטוח (IDIN),02.04.2024,442.62525,,10.04.2024,6.60%,4/2/2024
"מקס סטוק בע""מ (MAXO)",02.04.2024,43.04408,,16.04.2024,5.08%,4/2/2024
שטראוס (STRS),02.04.2024,231.63324,,11.04.2024,3.34%,4/2/2024
אי.בי.אי. (IBI),02.04.2024,78.82381,,09.04.2024,5.90%,4/2/2024
זנלכל (ZNKL),02.04.2024,56.20225,,30.04.2024,6.13%,4/2/2024
נובולוג (NVLG),02.04.2024,2.93704,,09.04.2024,1.90%,4/2/2024
עמיעד (AMD),02.04.2024,0.0984,,09.04.2024,3.40%,4/2/2024
אלטשולר שחם פיננסים (ALTF),03.04.2024,11.63771,,11.04.2024,10.02%,4/3/2024
יוחננוף (YHNF),03.04.2024,621.0,,16.04.2024,3.36%,4/3/2024
אמיליה פיתוח (EMDV),03.04.2024,56.79834,,11.04.2024,2.37%,4/3/2024
פז נפט (PAZ),03.04.2024,703.02981,,18.04.2024,3.70%,4/3/2024
הפניקס (PHOE),03.04.2024,104.53256,,11.04.2024,3.87%,4/3/2024
ויליפוד אינטרנש (WILC),03.04.2024,72.0,,17.04.2024,3.86%,4/3/2024
אלקו (ELCO),04.04.2024,111.4769,,15.04.2024,1.52%,4/4/2024
טיב טעם (TTAM),04.04.2024,1.96004,,15.04.2024,2.12%,4/4/2024
שופרסל (SAE),04.04.2024,67.74834,,01.05.2024,2.69%,4/4/2024
ארית תעשיות (ARYT),04.04.2024,11.8,,15.04.2024,2.94%,4/4/2024
חילן (HLAN),04.04.2024,150.0,,16.04.2024,1.22%,4/4/2024
א.נ שוהם ביזנס (SHOM),04.04.2024,21.58955,,14.04.2024,3.90%,4/4/2024
רמי לוי (RMLI),04.04.2024,362.96104,,11.04.2024,7.05%,4/4/2024
פורמולה מערכות (FORTY),04.04.2024,230.0,,18.04.2024,0.77%,4/4/2024
אראסאל (RSEL),04.04.2024,24.69702,,18.04.2024,3.51%,4/4/2024
עמיר שיווק (AMRK),04.04.2024,100.0,,02.05.2024,4.05%,4/4/2024
תמר פטרוליום (TMRP),04.04.2024,0.1356,,18.04.2024,4.07%,4/4/2024
קרסו מוטורס (CRSM),04.04.2024,67.12925,,11.04.2024,9.81%,4/4/2024
אייקון גרופ (ICON),04.04.2024,29.91408,,11.04.2024,5.67%,4/4/2024
דיפלומט (DIPL),04.04.2024,145.78792,,14.04.2024,8.45%,4/4/2024
א.מ.ת (EMCO),04.04.2024,13.5,,17.04.2024,2.88%,4/4/2024
קמטק (CAMT),04.04.2024,1.33,,18.04.2024,1.59%,4/4/2024
Effi Capital Nadlan (EFCP),04.04.2024,10.85493,,15.04.2024,0.90%,4/4/2024
רציו אנרגיות (RATIp),04.04.2024,0.02669,,16.04.2024,6.61%,4/4/2024
אילקס מדיקל (ILX),07.04.2024,136.45,,15.04.2024,2.01%,4/7/2024
רימוני (RIMO),07.04.2024,96.0,,07.05.2024,5.52%,4/7/2024
גניגר (GNGR),07.04.2024,98.81574,,18.04.2024,9.76%,4/7/2024
ג'י וואן (GOSS),07.04.2024,6.44254,,15.04.2024,6.27%,4/7/2024
אטראו שוקי הון (ATRY),07.04.2024,112.06559,,18.04.2024,7.50%,4/7/2024
צור (ZUR),07.04.2024,21.50542,,21.04.2024,6.03%,4/7/2024
ראלקו (RLCO),07.04.2024,489.84226,,15.04.2024,18.77%,4/7/2024
סיאי (CISY),07.04.2024,20.0,,14.04.2024,1.14%,4/7/2024
כפרית (KAFR),07.04.2024,18.82314,,25.04.2024,3.80%,4/7/2024
הולמס פלייס (HLMS),07.04.2024,21.84668,,02.05.2024,14.57%,4/7/2024
סאפיינס (SPNS),07.04.2024,0.28,,18.04.2024,1.71%,4/7/2024
לודן (LUDN),07.04.2024,60.0,,14.04.2024,7.35%,4/7/2024
שירותי בנקאות אוטומטיים (SHVA),07.04.2024,62.5,,16.04.2024,4.55%,4/7/2024
פרקומט (PRKM),08.04.2024,15.38358,,16.04.2024,1.66%,4/8/2024
המשביר 365 (MSBI),08.04.2024,2.57363,,17.04.2024,7.80%,4/8/2024
אנליסט (ANLT),08.04.2024,100.0,,30.04.2024,2.56%,4/8/2024
קווליטאו (QLTU),08.04.2024,338.33591,,16.04.2024,4.58%,4/8/2024
קנון הולדינגס (KEN),08.04.2024,3.8,,15.04.2024,14.72%,4/8/2024
דמרי (DIMRI),08.04.2024,365.0379,,18.04.2024,1.71%,4/8/2024
מנורה מב החז (MMHD),08.04.2024,282.48892,,16.04.2024,4.23%,4/8/2024
ספרינג ונצרס (SPRG),08.04.2024,500.0,,07.05.2024,40.98%,4/8/2024
טי.ג'י.איי (TGI),08.04.2024,6.78579,,15.04.2024,3.18%,4/8/2024
הראל השקעות (HARL),08.04.2024,168.9919,,16.04.2024,4.54%,4/8/2024
חברה לישראל (ILCO),09.04.2024,1831.7845,,17.04.2024,1.84%,4/9/2024
דלק קבוצה (DLEKG),09.04.2024,1346.71,,21.04.2024,10.33%,4/9/2024
ברנד (BRND),09.04.2024,5.75029,,24.04.2024,3.58%,4/9/2024
מיחשוב ישר (CMDR),09.04.2024,780.0,,21.04.2024,5.61%,4/9/2024
דניה סיבוס (DNYA),09.04.2024,127.65359,,08.05.2024,5.79%,4/9/2024
ריטיילורס (RTLS),10.04.2024,126.24889,,25.04.2024,3.04%,4/10/2024
קיסטון ריט (KSTN),10.04.2024,9.8902,,17.04.2024,6.83%,4/10/2024
אינרום תעשיות בנייה (INRM),10.04.2024,4.63095,,18.04.2024,1.40%,4/10/2024
ויקטורי (VCTR),11.04.2024,104.44329,,21.04.2024,4.40%,4/11/2024
פלרם (PLRM),11.04.2024,233.23174,,18.04.2024,4.53%,4/11/2024
לפידות (LAPD),11.04.2024,16.16401,,18.04.2024,1.36%,4/11/2024
תיגבור (TIGBUR),14.04.2024,29.81167,,21.04.2024,3.38%,4/14/2024
מבטח שמיר (MISH),14.04.2024,200.0,,02.05.2024,1.52%,4/14/2024
גן שמואל (GSFI),14.04.2024,189.36582,,21.04.2024,7.30%,4/14/2024
פוקס-ויזל (FOX),14.04.2024,362.0822,,30.04.2024,2.09%,4/14/2024
שניב (SHAN),14.04.2024,6.34347,,21.04.2024,2.78%,4/14/2024
אלקטרה (ELTR),15.04.2024,1041.8275,,02.05.2024,1.55%,4/15/2024
טופ מערכות-ס (TOPS),15.04.2024,28.31842,,05.05.2024,3.22%,4/15/2024
אאורה השקעות (AURA),16.04.2024,7.16343,,30.04.2024,0.76%,4/16/2024
טלסיס (TLSY),16.04.2024,441.97445,,01.05.2024,12.15%,4/16/2024
מגדלי הים התיכון (MDTR),17.04.2024,53.15936,,01.05.2024,5.97%,4/17/2024
אלמור חשמל התקנות ושירותים (ELMR),17.04.2024,24.0,,05.05.2024,4.83%,4/17/2024
פמס (FBRT),17.04.2024,1.63133,,08.05.2024,3.76%,4/17/2024
תומר אנרגיה (TOEN),18.04.2024,0.24999,,01.05.2024,5.92%,4/18/2024
רבל (RVL),18.04.2024,24.38026,,16.05.2024,9.25%,4/18/2024
יצוא (EXPO),24.04.2024,30.99934,,08.05.2024,0.70%,4/24/2024
אלביט מערכות (ESLT),24.04.2024,0.5,,06.05.2024,0.97%,4/24/2024
רותם שני (RTSN),25.04.2024,99.26987,,06.05.2024,5.38%,4/25/2024
בזק (BEZQ),01.05.2024,13.51691,,09.05.2024,5.96%,5/1/2024
או.אר.טי (ORTC),01.05.2024,50.0,,21.05.2024,3.46%,5/1/2024
אמנת (AMAN),09.05.2024,91.907,,23.05.2024,7.88%,5/9/2024
Waterio (WATR),09.05.2024,,,22.05.2024,-,5/9/2024
מניף שירותים פיננסיים (MNIF),16.05.2024,13.22889,,23.05.2024,2.45%,5/16/2024
יוניטרוניקס (UNIT),21.05.2024,114.94338,,16.06.2024,11.56%,5/21/2024
אורמת טכנולוגיות (ORA),22.05.2024,0.12,,05.06.2024,0.67%,5/22/2024
איביאי חיתום (IBIU),22.05.2024,20.8962,,05.06.2024,-,5/22/2024
הייפר גלובל (HIPR),23.05.2024,11.99699,,10.06.2024,2.30%,5/23/2024
צרפתי (SRFT),23.05.2024,105.6593,,02.06.2024,5.31%,5/23/2024
דלתא מותגים (DLTI),27.05.2024,66.324,,04.06.2024,4.00%,5/27/2024
אופל בלאנס (OPAL),27.05.2024,2.86791,,05.06.2024,7.48%,5/27/2024
מ.ל.ר.ן פרוייקטים ומסחר (MLRN),28.05.2024,6.02926,,03.06.2024,1.06%,5/28/2024
פועלים (POLI),29.05.2024,57.93603,,10.06.2024,4.86%,5/29/2024
דיסקונט (DSCT),29.05.2024,25.4646,,09.06.2024,4.15%,5/29/2024
עשות (ASHO),29.05.2024,33.938,,06.06.2024,2.16%,5/29/2024
מיטב טרייד (MTRD),30.05.2024,40.0,,06.06.2024,4.70%,5/30/2024
דלתא (DELG),30.05.2024,0.31,,10.06.2024,2.79%,5/30/2024
מזרחי טפחות (MZTF),30.05.2024,196.99105,,06.06.2024,3.87%,5/30/2024
שנפ (SHNP),30.05.2024,23.63154,,06.06.2024,7.08%,5/30/2024
דניה סיבוס (DNYA),30.05.2024,127.65323,,24.06.2024,6.71%,5/30/2024
אורון אחזקות והשקעות (ORON),30.05.2024,23.03258,,13.06.2024,2.97%,5/30/2024
פולירם תעשיות פלסטיק (POLP),30.05.2024,9.35772,,10.06.2024,4.83%,5/30/2024
מור גמל (MPP),02.06.2024,15.61423,,10.06.2024,3.20%,6/2/2024
ארד (ARD),02.06.2024,0.485,,18.06.2024,3.66%,6/2/2024
גלוברנדס (GLRS),02.06.2024,2196.908,,10.06.2024,16.78%,6/2/2024
פנינסולה (PEN),02.06.2024,2.8,,10.06.2024,8.75%,6/2/2024
נאוי (NAWI),02.06.2024,58.05,,09.06.2024,10.44%,6/2/2024
אלטשולר שחם פיננסים (ALTF),02.06.2024,10.62185,,10.06.2024,10.13%,6/2/2024
וואן טכנולוגיות (ONE),02.06.2024,48.51512,,13.06.2024,3.45%,6/2/2024
סיאון (CION),03.06.2024,0.36,,17.06.2024,15.76%,6/3/2024
מיטב השקעות (MTAV),03.06.2024,19.0,,13.06.2024,5.71%,6/3/2024
ניו-מד אנרג יהש (NWMDp),03.06.2024,0.05112,,20.06.2024,7.47%,6/3/2024
אי.בי.אי. (IBI),03.06.2024,197.05199,,10.06.2024,5.02%,6/3/2024
מימון ישיר (DIFI),04.06.2024,847.28853,,13.06.2024,4.28%,6/4/2024
א.מ.ת (EMCO),04.06.2024,8.0,,20.06.2024,2.82%,6/4/2024
אנרג'יקס (ENRG),04.06.2024,10.0,,18.06.2024,3.50%,6/4/2024
רימון (RMON),04.06.2024,91.34211,,03.07.2024,3.02%,6/4/2024
מיטרוניקס (MTRN),04.06.2024,22.78075,,27.06.2024,3.86%,6/4/2024
אפריקה מגורים (AFRE),04.06.2024,118.6377,,18.06.2024,3.23%,6/4/2024
דנאל (DANE),04.06.2024,217.2,,25.06.2024,0.62%,6/4/2024
דלק קבוצה (DLEKG),05.06.2024,1183.5,,18.06.2024,12.10%,6/5/2024
בינלאומי (FIBI),05.06.2024,227.24998,,17.06.2024,5.24%,6/5/2024
טי.ג'י.איי (TGI),05.06.2024,4.7278,,20.06.2024,6.59%,6/5/2024
איידיאיי ביטוח (IDIN),05.06.2024,204.28858,,13.06.2024,8.50%,6/5/2024
אי.טי.ג'י.איי (ETGA),05.06.2024,20.31994,,17.06.2024,4.50%,6/5/2024
כנפיים (KNFM),06.06.2024,79.0,,18.06.2024,13.35%,6/6/2024
פרשקובסקי (PRSK),06.06.2024,25.0,,18.06.2024,0.65%,6/6/2024
צור (ZUR),06.06.2024,16.89712,,25.06.2024,8.95%,6/6/2024
אטראו שוקי הון (ATRY),06.06.2024,115.46152,,19.06.2024,7.82%,6/6/2024
טיב טעם (TTAM),06.06.2024,2.93372,,18.06.2024,2.00%,6/6/2024
רם-און השקעות והחזקות (RMN),06.06.2024,15.85098,,20.06.2024,5.15%,6/6/2024
יוחננוף (YHNF),06.06.2024,104.0,,18.06.2024,3.91%,6/6/2024
כפרית (KAFR),06.06.2024,18.79485,,26.06.2024,3.79%,6/6/2024
המשביר 365 (MSBI),06.06.2024,3.14555,,16.06.2024,5.68%,6/6/2024
איי.סי.אל (ICL),06.06.2024,16.96497,,20.06.2024,4.55%,6/6/2024
סאני תקשורת (SNCM),09.06.2024,4.60335,,17.06.2024,29.51%,6/9/2024
פיבי (FIBIH),09.06.2024,310.27308,,19.06.2024,7.17%,6/9/2024
אנרג'יאן (ENOG),09.06.2024,0.3,,28.06.2024,8.80%,6/9/2024
רוטשטיין (ROTS),09.06.2024,62.38223,,19.06.2024,4.23%,6/9/2024
רמי לוי (RMLI),09.06.2024,508.14546,,19.06.2024,8.09%,6/9/2024
א.נ שוהם ביזנס (SHOM),09.06.2024,10.879,,19.06.2024,6.59%,6/9/2024
מיחשוב ישר (CMDR),09.06.2024,330.0,,24.06.2024,6.93%,6/9/2024
רימוני (RIMO),09.06.2024,120.0,,04.07.2024,7.24%,6/9/2024
Effi Capital Nadlan (EFCP),09.06.2024,21.70987,,19.06.2024,2.82%,6/9/2024
אימקו (IMCO),09.06.2024,89.8293,,30.06.2024,3.14%,6/9/2024
כהן פיתוח (CDEV),09.06.2024,1.67084,,20.06.2024,10.63%,6/9/2024
אינרום תעשיות בנייה (INRM),09.06.2024,4.0304,,19.06.2024,1.43%,6/9/2024
אביב בניה (AVIV),09.06.2024,52.83629,,23.06.2024,4.24%,6/9/2024
פרידנזון (FRDN),09.06.2024,61.2816,,20.06.2024,7.19%,6/9/2024
לאומי (LUMI),10.06.2024,54.91043,,20.06.2024,4.86%,6/10/2024
ישראמקו נגב (ISRAp),10.06.2024,0.02701,,20.06.2024,-,6/10/2024
לפידות (LAPD),13.06.2024,32.32802,,27.06.2024,1.77%,6/13/2024
הולמס פלייס (HLMS),13.06.2024,14.19522,,02.07.2024,9.22%,6/13/2024
תיגבור (TIGBUR),13.06.2024,47.2018,,23.06.2024,3.12%,6/13/2024
י.ד. מור השקעות (MRIN),13.06.2024,28.0494,,23.06.2024,8.25%,6/13/2024
טלסיס (TLSY),16.06.2024,220.98722,,01.07.2024,14.05%,6/16/2024
מצלאוי (MSLA),16.06.2024,48.756,,23.06.2024,3.93%,6/16/2024
פז נפט (PAZ),16.06.2024,1640.0509,,01.07.2024,8.54%,6/16/2024
אלביט מערכות (ESLT),18.06.2024,0.5,,01.07.2024,1.08%,6/18/2024
מגדל ביטוח (MGDL),18.06.2024,2.37212,,24.06.2024,1.12%,6/18/2024
תיא השקעות-ס (TAYA),18.06.2024,80.0,,27.06.2024,1.41%,6/18/2024
ספאנטק (SPNTC),20.06.2024,35.0,,09.07.2024,13.30%,6/20/2024
מטריקס (MTRX),27.06.2024,81.0,,25.07.2024,4.03%,6/27/2024
מג'יק (MGIC),27.06.2024,0.204,,11.07.2024,5.35%,6/27/2024
אסאר אקורד (SRAC),27.06.2024,45.74282,,15.07.2024,3.07%,6/27/2024
סיאון (CION),30.06.2024,0.05,,12.07.2024,18.39%,6/30/2024
קיסטון ריט (KSTN),11.07.2024,10.95941,,18.07.2024,7.83%,7/11/2024
שניב (SHAN),15.07.2024,3.96467,,22.07.2024,3.71%,7/15/2024
מיחשוב ישר (CMDR),22.07.2024,2330.0,,06.08.2024,14.79%,7/22/2024
מנרה יהש (MNRAp),01.08.2024,257.87217,,22.08.2024,45.68%,8/1/2024
אודיוקודס (AUDC),15.08.2024,0.18,,29.08.2024,3.39%,8/15/2024
סינאל (SNEL),19.08.2024,88.34771,,28.08.2024,5.77%,8/19/2024
מיטב טרייד (MTRD),19.08.2024,21.0,,26.08.2024,7.31%,8/19/2024
איביאי חיתום (IBIU),20.08.2024,9.64438,,28.08.2024,6.33%,8/20/2024
אורמת טכנולוגיות (ORA),20.08.2024,0.12,,03.09.2024,0.65%,8/20/2024
אנרג'יקס (ENRG),20.08.2024,10.0,,03.09.2024,4.38%,8/20/2024
פיסיבי טכנ (PCBT),20.08.2024,20.93001,,27.08.2024,10.67%,8/20/2024
פנינסולה (PEN),21.08.2024,3.0,,29.08.2024,8.32%,8/21/2024
דלתא מותגים (DLTI),21.08.2024,800.0,,01.09.2024,14.81%,8/21/2024
נאוי (NAWI),22.08.2024,65.40905,,29.08.2024,8.06%,8/22/2024
מ.ל.ר.ן פרוייקטים ומסחר (MLRN),22.08.2024,5.69431,,01.09.2024,2.07%,8/22/2024
מזרחי טפחות (MZTF),22.08.2024,224.82672,,29.08.2024,4.17%,8/22/2024
תדיראן (TDRN),22.08.2024,57.06964,,01.09.2024,1.62%,8/22/2024
הייפר גלובל (HIPR),25.08.2024,7.0,,10.09.2024,2.81%,8/25/2024
ישראכרט (ISCD),25.08.2024,26.33921,,15.09.2024,3.79%,8/25/2024
עילדב-ש (ELDAV),25.08.2024,2.79484,,01.09.2024,4.16%,8/25/2024
יוניטרוניקס (UNIT),25.08.2024,57.37319,,19.09.2024,8.03%,8/25/2024
ניו-מד אנרג יהש (NWMDp),25.08.2024,0.05538,,05.09.2024,8.08%,8/25/2024
בינלאומי (FIBI),25.08.2024,243.19735,,02.09.2024,5.52%,8/25/2024
ג'י וואן (GOSS),25.08.2024,5.87326,,02.09.2024,4.78%,8/25/2024
מור גמל (MPP),25.08.2024,5.46498,,02.09.2024,4.39%,8/25/2024
פועלים (POLI),26.08.2024,48.3015,,09.09.2024,4.29%,8/26/2024
דיסקונט (DSCT),26.08.2024,25.34334,,08.09.2024,3.70%,8/26/2024
שרין טכנו (SARN),26.08.2024,0.00781,,12.09.2024,3.33%,8/26/2024
מניף שירותים פיננסיים (MNIF),26.08.2024,20.67014,,04.09.2024,2.92%,8/26/2024
לאומי (LUMI),26.08.2024,44.98721,,05.09.2024,4.16%,8/26/2024
דלתא (DELG),27.08.2024,0.31,,04.09.2024,2.79%,8/27/2024
א.נ שוהם ביזנס (SHOM),27.08.2024,10.82643,,10.09.2024,8.24%,8/27/2024
פרשקובסקי (PRSK),27.08.2024,50.0,,04.09.2024,0.91%,8/27/2024
אפריקה מגורים (AFRE),27.08.2024,142.36524,,10.09.2024,2.79%,8/27/2024
דניה סיבוס (DNYA),27.08.2024,127.48124,,23.09.2024,6.03%,8/27/2024
מיטב השקעות (MTAV),27.08.2024,25.0,,04.09.2024,6.33%,8/27/2024
פולירם תעשיות פלסטיק (POLP),27.08.2024,9.35772,,05.09.2024,4.94%,8/27/2024
לכיש (LHIS),27.08.2024,34.0,,10.09.2024,2.96%,8/27/2024
אי.בי.אי. (IBI),27.08.2024,236.336,,03.09.2024,5.18%,8/27/2024
דנאל (DANE),27.08.2024,292.5,,17.09.2024,1.55%,8/27/2024
ירושלים (JBNK),28.08.2024,36.7992,,05.09.2024,4.26%,8/28/2024
יוחננוף (YHNF),28.08.2024,138.0,,09.09.2024,3.96%,8/28/2024
אי.טי.ג'י.איי (ETGA),28.08.2024,22.57771,,05.09.2024,4.64%,8/28/2024
סאפיינס (SPNS),28.08.2024,0.29,,12.09.2024,1.59%,8/28/2024
וואן טכנולוגיות (ONE),29.08.2024,48.9328,,12.09.2024,3.78%,8/29/2024
טיב טעם (TTAM),29.08.2024,5.99731,,22.09.2024,2.12%,8/29/2024
אופל בלאנס (OPAL),29.08.2024,3.44149,,08.09.2024,7.56%,8/29/2024
רמי לוי (RMLI),29.08.2024,435.55325,,05.09.2024,7.33%,8/29/2024
בכורי שדה (BKRY),29.08.2024,4.67467,,10.09.2024,1.53%,8/29/2024
קרסו מוטורס (CRSM),29.08.2024,111.76493,,10.09.2024,8.81%,8/29/2024
דמרי (DIMRI),29.08.2024,448.33405,,16.09.2024,2.44%,8/29/2024
דלק קבוצה (DLEKG),01.09.2024,1183.5,,18.09.2024,11.62%,9/1/2024
רציו אנרגיות (RATIp),01.09.2024,0.02669,,24.09.2024,6.51%,9/1/2024
פיבי (FIBIH),01.09.2024,330.01774,,09.09.2024,7.15%,9/1/2024
שנפ (SHNP),01.09.2024,7.87718,,05.09.2024,6.51%,9/1/2024
קרור (KRUR),02.09.2024,63.60547,,09.09.2024,5.78%,9/2/2024
אלטשולר שחם פיננסים (ALTF),02.09.2024,10.61636,,10.09.2024,9.09%,9/2/2024
י.ד. מור השקעות (MRIN),02.09.2024,14.02323,,01.10.2024,5.04%,9/2/2024
תמר פטרוליום (TMRP),02.09.2024,0.1356,,16.09.2024,5.02%,9/2/2024
טי.ג'י.איי (TGI),03.09.2024,4.72781,,19.09.2024,8.20%,9/3/2024
סיאון (CION),03.09.2024,0.36,,17.09.2024,15.76%,9/3/2024
אינרום תעשיות בנייה (INRM),03.09.2024,3.28045,,18.09.2024,1.06%,9/3/2024
נובולוג (NVLG),03.09.2024,2.93687,,12.09.2024,3.56%,9/3/2024
אלקטרה (ELTR),03.09.2024,1120.2342,,01.10.2024,1.45%,9/3/2024
איידיאיי ביטוח (IDIN),03.09.2024,374.41062,,10.09.2024,8.20%,9/3/2024
אלקטרה פאוור (ELCP),03.09.2024,55.89128,,10.09.2024,2.64%,9/3/2024
לודן (LUDN),03.09.2024,175.0,,24.09.2024,16.43%,9/3/2024
אסאר אקורד (SRAC),03.09.2024,45.74282,,10.09.2024,4.72%,9/3/2024
חילן (HLAN),03.09.2024,150.0,,19.09.2024,1.49%,9/3/2024
זנלכל (ZNKL),03.09.2024,56.45796,,24.09.2024,6.03%,9/3/2024
אלקו (ELCO),04.09.2024,74.2638,,19.09.2024,1.67%,9/4/2024
הפניקס (PHOE),04.09.2024,107.376,,11.09.2024,5.44%,9/4/2024
אוריין (ORIN),04.09.2024,59.181,,16.09.2024,3.01%,9/4/2024
א.מ.ת (EMCO),04.09.2024,2.5,,19.09.2024,2.71%,9/4/2024
איי.סי.אל (ICL),04.09.2024,17.92916,,18.09.2024,4.44%,9/4/2024
בזן (ORL),04.09.2024,0.0096,,19.09.2024,21.02%,9/4/2024
דיפלומט (DIPL),04.09.2024,72.89396,,12.09.2024,6.77%,9/4/2024
רימוני (RIMO),04.09.2024,150.0,,19.09.2024,9.03%,9/4/2024
לסיכו (LSCO),05.09.2024,5.8889,,25.09.2024,1.92%,9/5/2024
מנורה מב החז (MMHD),05.09.2024,274.16134,,15.09.2024,5.11%,9/5/2024
ויקטורי (VCTR),05.09.2024,105.7829,,25.09.2024,4.70%,9/5/2024
מכלול (MCLL),05.09.2024,11.51413,,19.09.2024,1.83%,9/5/2024
פיימנט (PMNT),05.09.2024,8.0633,,12.09.2024,5.23%,9/5/2024
מיחשוב ישר (CMDR),05.09.2024,340.0,,19.09.2024,15.65%,9/5/2024
צור (ZUR),08.09.2024,12.28881,,23.09.2024,9.54%,9/8/2024
אלספק (ELSPC),08.09.2024,25.74223,,25.09.2024,4.53%,9/8/2024
טלסיס (TLSY),08.09.2024,331.48083,,23.09.2024,16.32%,9/8/2024
קווליטאו (QLTU),08.09.2024,188.9873,,18.09.2024,3.52%,9/8/2024
מימון ישיר (DIFI),08.09.2024,438.30517,,17.09.2024,3.81%,9/8/2024
יצוא (EXPO),08.09.2024,48.71325,,22.09.2024,1.64%,9/8/2024
אלמור חשמל התקנות ושירותים (ELMR),08.09.2024,30.0,,18.09.2024,7.63%,9/8/2024
אטראו שוקי הון (ATRY),08.09.2024,61.12669,,25.09.2024,6.65%,9/8/2024
כפרית (KAFR),08.09.2024,18.79485,,25.09.2024,3.06%,9/8/2024
פלסאון תעשיות (PLSN),09.09.2024,300.0,,16.09.2024,2.16%,9/9/2024
לפידות (LAPD),09.09.2024,22.68082,,25.09.2024,1.62%,9/9/2024
אמנת (AMAN),10.09.2024,91.91,,19.09.2024,13.73%,9/10/2024
ריטיילורס (RTLS),10.09.2024,85.66852,,24.09.2024,3.19%,9/10/2024
קבוצת עמוס לוזון (LUZN),11.09.2024,10.16715,,19.09.2024,4.05%,9/11/2024
פוקס-ויזל (FOX),11.09.2024,445.02201,,25.09.2024,2.90%,9/11/2024
פורמולה מערכות (FORTY),12.09.2024,232.0,,26.09.2024,1.64%,9/12/2024
תיגבור (TIGBUR),12.09.2024,54.15786,,23.09.2024,3.12%,9/12/2024
הולמס פלייס (HLMS),15.09.2024,16.37732,,01.10.2024,10.23%,9/15/2024
פז נפט (PAZ),15.09.2024,2200.5513,,01.10.2024,13.01%,9/15/2024
בירמן (BIRM),15.09.2024,18.18218,,25.09.2024,2.02%,9/15/2024
מיטרוניקס (MTRN),16.09.2024,18.2246,,15.10.2024,4.44%,9/16/2024
שניב (SHAN),16.09.2024,3.96467,,01.10.2024,4.13%,9/16/2024
מטריקס (MTRX),18.09.2024,82.0,,01.10.2024,4.06%,9/18/2024
הראל השקעות (HARL),19.09.2024,97.34267,,29.09.2024,7.79%,9/19/2024
אנרג'יאן (ENOG),22.09.2024,0.3,,30.09.2024,10.06%,9/22/2024
פלרם (PLRM),22.09.2024,116.61587,,29.09.2024,5.45%,9/22/2024
בזק (BEZQ),26.09.2024,14.70386,,10.10.2024,6.52%,9/26/2024
Retailminds Tech (RTMD),07.10.2024,44.09871,,14.10.2024,47.42%,10/7/2024
סמארט אגרו (SMAG),14.10.2024,,,27.10.2024,-,10/14/2024
קיסטון ריט (KSTN),15.10.2024,10.85249,,28.10.2024,7.69%,10/15/2024
אלביט מערכות (ESLT),15.10.2024,0.5,,28.10.2024,0.95%,10/15/2024
אאורה השקעות (AURA),20.10.2024,7.16128,,30.10.2024,0.84%,10/20/2024
אלרון (ELRN),21.10.2024,0.10656,,03.11.2024,175.64%,10/21/2024
אלרון (ELRN),21.10.2024,0.17781,,03.11.2024,175.64%,10/21/2024
איסתא (ISTA),27.10.2024,300.0,,12.11.2024,3.59%,10/27/2024
תומר אנרגיה (TOEN),29.10.2024,0.12499,,07.11.2024,9.13%,10/29/2024
קווינקו-ס (QNCO),10.11.2024,25.0,,18.11.2024,5.48%,11/10/2024
אלמדה ונצ'רס (AMDAp),11.11.2024,,,21.11.2024,-,11/11/2024
אינרום תעשיות בנייה (INRM),19.11.2024,13.39591,,18.12.2024,1.63%,11/19/2024
אורמת טכנולוגיות (ORA),20.11.2024,0.12,,04.12.2024,0.61%,11/20/2024
פולירם תעשיות פלסטיק (POLP),21.11.2024,9.35772,,02.12.2024,4.10%,11/21/2024
אוברסיז קומרס (OVRS),21.11.2024,4.80808,,04.12.2024,1.26%,11/21/2024
הייפר גלובל (HIPR),21.11.2024,6.0,,10.12.2024,2.13%,11/21/2024
מ.ל.ר.ן פרוייקטים ומסחר (MLRN),21.11.2024,6.33677,,01.12.2024,2.62%,11/21/2024
דלתא מותגים (DLTI),25.11.2024,61.14,,03.12.2024,16.26%,11/25/2024
פיימנט (PMNT),26.11.2024,5.365,,03.12.2024,5.38%,11/26/2024
אופל בלאנס (OPAL),26.11.2024,3.776,,04.12.2024,7.80%,11/26/2024
איביאי חיתום (IBIU),26.11.2024,8.037,,05.12.2024,5.62%,11/26/2024
לאומי (LUMI),27.11.2024,45.62846,,05.12.2024,3.95%,11/27/2024
ליברה (LBRA),27.11.2024,22.08855,,05.12.2024,2.67%,11/27/2024
פועלים (POLI),27.11.2024,38.51322,,11.12.2024,3.98%,11/27/2024
דלתא (DELG),27.11.2024,0.31,,10.12.2024,2.39%,11/27/2024
מניף שירותים פיננסיים (MNIF),28.11.2024,22.52612,,09.12.2024,3.69%,11/28/2024
מור גמל (MPP),28.11.2024,28.10561,,08.12.2024,7.03%,11/28/2024
וואן טכנולוגיות (ONE),28.11.2024,52.428,,12.12.2024,3.10%,11/28/2024
ניו-מד אנרג יהש (NWMDp),28.11.2024,0.05538,,12.12.2024,6.71%,11/28/2024
מזרחי טפחות (MZTF),28.11.2024,220.55659,,05.12.2024,4.47%,11/28/2024
דיסקונט (DSCT),28.11.2024,27.59504,,12.12.2024,3.81%,11/28/2024
אפריקה מגורים (AFRE),28.11.2024,158.1836,,12.12.2024,2.43%,11/28/2024
דלק קבוצה (DLEKG),01.12.2024,1362.33,,15.12.2024,10.42%,12/1/2024
סאני תקשורת (SNCM),01.12.2024,4.60335,,09.12.2024,8.01%,12/1/2024
פנינסולה (PEN),01.12.2024,4.1,,09.12.2024,6.48%,12/1/2024
שנפ (SHNP),01.12.2024,15.75436,,09.12.2024,5.45%,12/1/2024
אלטשולר שחם פיננסים (ALTF),01.12.2024,10.6137,,10.12.2024,6.52%,12/1/2024
בינלאומי (FIBI),02.12.2024,247.18419,,10.12.2024,5.63%,12/2/2024
סיאון (CION),02.12.2024,0.36,,16.12.2024,15.76%,12/2/2024
נובולוג (NVLG),02.12.2024,1.9579,,09.12.2024,4.42%,12/2/2024
אסאר אקורד (SRAC),02.12.2024,60.99043,,10.12.2024,3.89%,12/2/2024
מיטב השקעות (MTAV),02.12.2024,51.0,,15.12.2024,5.66%,12/2/2024
מימון ישיר (DIFI),03.12.2024,856.78176,,12.12.2024,4.04%,12/3/2024
נאוי (NAWI),03.12.2024,58.52787,,10.12.2024,8.35%,12/3/2024
אנרג'יקס (ENRG),03.12.2024,10.0,,10.12.2024,5.01%,12/3/2024
עשות (ASHO),03.12.2024,63.00372,,11.12.2024,2.14%,12/3/2024
דנאל (DANE),03.12.2024,352.4,,24.12.2024,2.10%,12/3/2024
פמס (FBRT),03.12.2024,1.63133,,24.12.2024,8.12%,12/3/2024
דיפלומט (DIPL),04.12.2024,65.44072,,12.12.2024,6.25%,12/4/2024
איילון חברה לביטוח (AYAL),04.12.2024,240.39495,,11.12.2024,7.45%,12/4/2024
אי.טי.ג'י.איי (ETGA),04.12.2024,31.65024,,12.12.2024,5.25%,12/4/2024
The Gold Bond (GOLD),04.12.2024,112.0,,17.12.2024,1.28%,12/4/2024
סינאל (SNEL),04.12.2024,70.67817,,15.12.2024,4.71%,12/4/2024
מיטב טרייד (MTRD),04.12.2024,23.0,,11.12.2024,7.71%,12/4/2024
איי.סי.אל (ICL),04.12.2024,19.15118,,18.12.2024,4.07%,12/4/2024
איידיאיי ביטוח (IDIN),04.12.2024,326.24327,,12.12.2024,9.84%,12/4/2024
רימוני (RIMO),04.12.2024,120.0,,19.12.2024,9.06%,12/4/2024
גלוברנדס (GLRS),04.12.2024,2441.0089,,12.12.2024,9.55%,12/4/2024
אי.בי.אי. (IBI),04.12.2024,125.3467,,11.12.2024,4.27%,12/4/2024
רמי לוי (RMLI),05.12.2024,399.25715,,12.12.2024,6.93%,12/5/2024
כהן פיתוח (CDEV),05.12.2024,1.67084,,18.12.2024,8.48%,12/5/2024
כפרית (KAFR),05.12.2024,18.77288,,26.12.2024,2.81%,12/5/2024
יוחננוף (YHNF),05.12.2024,138.0,,15.12.2024,4.45%,12/5/2024
ג'י וואן (GOSS),05.12.2024,5.99816,,12.12.2024,3.82%,12/5/2024
טי.ג'י.איי (TGI),05.12.2024,6.75401,,24.12.2024,11.79%,12/5/2024
רם-און השקעות והחזקות (RMN),05.12.2024,15.92295,,18.12.2024,4.06%,12/5/2024
א.מ.ת (EMCO),05.12.2024,6.0,,17.12.2024,3.23%,12/5/2024
קרסו מוטורס (CRSM),05.12.2024,77.79068,,12.12.2024,9.66%,12/5/2024
פלסאון תעשיות (PLSN),05.12.2024,400.0,,12.12.2024,3.92%,12/5/2024
לפידות (LAPD),05.12.2024,11.34041,,26.12.2024,1.19%,12/5/2024
נטו מלינדה (NTML),05.12.2024,239.51231,,18.12.2024,3.03%,12/5/2024
בכורי שדה (BKRY),05.12.2024,3.33905,,17.12.2024,2.43%,12/5/2024
אנרג'יאן (ENOG),08.12.2024,0.3,,30.12.2024,9.27%,12/8/2024
א.נ שוהם ביזנס (SHOM),08.12.2024,10.78455,,16.12.2024,7.14%,12/8/2024
פרימוטק (PRMG),08.12.2024,137.43498,,16.12.2024,9.08%,12/8/2024
מנורה מב החז (MMHD),08.12.2024,185.40797,,16.12.2024,5.12%,12/8/2024
פיבי (FIBIH),08.12.2024,335.65907,,16.12.2024,7.12%,12/8/2024
טיב טעם (TTAM),08.12.2024,2.81679,,22.12.2024,2.19%,12/8/2024
צור (ZUR),08.12.2024,12.28881,,23.12.2024,8.18%,12/8/2024
מבטח שמיר (MISH),08.12.2024,200.0,,16.12.2024,2.24%,12/8/2024
גן שמואל (GSFI),08.12.2024,94.68291,,22.12.2024,7.16%,12/8/2024
אטראו שוקי הון (ATRY),09.12.2024,112.06559,,25.12.2024,5.83%,12/9/2024
י.ד. מור השקעות (MRIN),09.12.2024,50.48363,,17.12.2024,6.34%,12/9/2024
קבוצת ברן (BRAN),10.12.2024,85.22097,,17.12.2024,5.45%,12/10/2024
רוטשטיין (ROTS),10.12.2024,62.18825,,18.12.2024,2.11%,12/10/2024
מיחשוב ישר (CMDR),11.12.2024,340.0,,22.12.2024,10.89%,12/11/2024
כלל עסקי ביטוח (CLIS),11.12.2024,125.93982,,24.12.2024,1.49%,12/11/2024
ניסן (NISA),11.12.2024,75.0,,23.12.2024,4.93%,12/11/2024
סנו (SANO1),11.12.2024,700.0,,25.12.2024,1.87%,12/11/2024
שניב (SHAN),12.12.2024,3.96467,,01.01.2025,3.96%,12/12/2024
תיגבור (TIGBUR),12.12.2024,40.74261,,23.12.2024,3.33%,12/12/2024
מגדל ביטוח (MGDL),15.12.2024,2.84656,,23.12.2024,0.76%,12/15/2024
הולמס פלייס (HLMS),15.12.2024,16.34351,,02.01.2025,11.94%,12/15/2024
תורפז (TRPZ),16.12.2024,14.3455,,30.12.2024,1.50%,12/16/2024
קרור (KRUR),17.12.2024,254.42189,,26.12.2024,3.98%,12/17/2024
טלסיס (TLSY),18.12.2024,331.48083,,02.01.2025,6.98%,12/18/2024
נפטא (NFTA),19.12.2024,180.15644,,26.12.2024,6.92%,12/19/2024
פז נפט (PAZ),19.12.2024,702.11867,,01.01.2025,11.40%,12/19/2024
דניה סיבוס (DNYA),19.12.2024,127.25204,,06.01.2025,4.10%,12/19/2024
מטריקס (MTRX),19.12.2024,76.0,,06.01.2025,4.21%,12/19/2024
ישראמקו נגב (ISRAp),19.12.2024,0.01541,,26.12.2024,8.17%,12/19/2024
אלביט מערכות (ESLT),23.12.2024,0.5,,06.01.2025,0.77%,12/23/2024
מג'יק (MGIC),23.12.2024,0.236,,08.01.2025,3.63%,12/23/2024
פרשקובסקי (PRSK),23.12.2024,113.91386,,30.12.2024,1.64%,12/23/2024
רותם אנרגיה יהש (RTENp),23.12.2024,,,02.01.2025,-,12/23/2024
בית הזהב (GOHO),24.12.2024,128.89434,,31.12.2024,5.38%,12/24/2024
אורביט (ORBI),24.12.2024,199.29988,,31.12.2024,6.24%,12/24/2024
קרור (KRUR),30.12.2024,278.27394,,07.01.2025,7.68%,12/30/2024
סיאון (CION),30.12.2024,0.05,,27.01.2025,16.64%,12/30/2024
הראל השקעות (HARL),31.12.2024,121.20681,,09.01.2025,7.70%,12/31/2024
גולן פלסטיק (GRIN),01.01.2025,58.42514,,16.01.2025,4.19%,1/1/2025
אופל בלאנס (OPAL),06.01.2025,4.7798,,13.01.2025,8.07%,1/6/2025
קסטרו (CAST),07.01.2025,727.48171,,15.01.2025,6.31%,1/7/2025
קיסטון ריט (KSTN),08.01.2025,10.53172,,15.01.2025,6.82%,1/8/2025
Retailminds Tech (RTMD),09.01.2025,44.09871,,19.01.2025,141.57%,1/9/2025
ברנד (BRND),06.02.2025,4.79191,,13.02.2025,3.41%,2/6/2025
עילדב-ש (ELDAV),13.02.2025,4.11016,,20.02.2025,5.18%,2/13/2025
אקסיליון תחבורה חכמה (AILN),17.02.2025,,,04.03.2025,-,2/17/2025
אראסאל (RSEL),18.02.2025,49.39405,,27.02.2025,3.54%,2/18/2025
דלתא מותגים (DLTI),18.02.2025,121.08,,09.03.2025,14.78%,2/18/2025
דלתא (DELG),19.02.2025,0.384,,26.02.2025,2.28%,2/19/2025
אודיוקודס (AUDC),20.02.2025,0.18,,06.03.2025,3.18%,2/20/2025
שטראוס (STRS),25.02.2025,171.5775,,04.03.2025,5.12%,2/25/2025
פיימנט (PMNT),26.02.2025,5.3131,,05.03.2025,4.66%,2/26/2025
פוקס-ויזל (FOX),03.03.2025,1083.5138,,11.03.2025,5.62%,3/3/2025
מזרחי טפחות (MZTF),06.03.2025,201.56941,,13.03.2025,4.94%,3/6/2025
מניף שירותים פיננסיים (MNIF),06.03.2025,28.36622,,17.03.2025,4.40%,3/6/2025
אנרג'יאן (ENOG),09.03.2025,0.3,,31.03.2025,9.68%,3/9/2025
גולף (GOLF),11.03.2025,45.1679,,19.03.2025,6.36%,3/11/2025
פועלים (POLI),11.03.2025,28.09224,,20.03.2025,3.38%,3/11/2025
איי.סי.אל (ICL),12.03.2025,14.69338,,25.03.2025,3.07%,3/12/2025
הבורסה לניירות ערך בת''א (TASE),12.03.2025,55.56392,,20.03.2025,1.18%,3/12/2025
אורמת טכנולוגיות (ORA),12.03.2025,0.12,,26.03.2025,0.66%,3/12/2025
לאומי (LUMI),12.03.2025,47.0189,,20.03.2025,4.27%,3/12/2025
אנרג'יקס (ENRG),16.03.2025,10.0,,08.04.2025,3.67%,3/16/2025
פרטנר (PTNR),17.03.2025,134.10912,,25.03.2025,4.90%,3/17/2025
מ.ל.ר.ן פרוייקטים ומסחר (MLRN),17.03.2025,37.35363,,08.04.2025,6.15%,3/17/2025
קמהדע (KMDA),17.03.2025,0.2,,07.04.2025,2.78%,3/17/2025
נקסט ויז'ן (NXSN),18.03.2025,0.40968,,26.03.2025,1.56%,3/18/2025
פנינסולה (PEN),19.03.2025,4.1,,26.03.2025,5.90%,3/19/2025
איביאי חיתום (IBIU),19.03.2025,21.21764,,27.03.2025,6.77%,3/19/2025
בזן (ORL),19.03.2025,0.01608,,10.04.2025,9.33%,3/19/2025
בינלאומי (FIBI),19.03.2025,227.24998,,27.03.2025,4.67%,3/19/2025
אסאר אקורד (SRAC),20.03.2025,114.35706,,27.03.2025,5.42%,3/20/2025
לכיש (LHIS),20.03.2025,18.0,,01.04.2025,3.42%,3/20/2025
אקרשטיין (ACKR),20.03.2025,17.35745,,02.04.2025,2.53%,3/20/2025
הפניקס (PHOE),20.03.2025,225.293,,27.03.2025,4.55%,3/20/2025
ישראכרט (ISCD),20.03.2025,26.04993,,30.03.2025,3.01%,3/20/2025
מטריקס (MTRX),20.03.2025,82.0,,08.04.2025,3.56%,3/20/2025
ניו-מד אנרג יהש (NWMDp),20.03.2025,0.05112,,03.04.2025,6.04%,3/20/2025
אופל בלאנס (OPAL),20.03.2025,4.63646,,30.03.2025,7.96%,3/20/2025
איידיאיי ביטוח (IDIN),23.03.2025,407.31115,,30.03.2025,9.91%,3/23/2025
סאני תקשורת (SNCM),23.03.2025,5.524,,09.04.2025,11.45%,3/23/2025
איידיאיי ביטוח (IDIN),23.03.2025,305.4833625,,30.03.2025,9.91%,3/23/2025
קרדן נדלן (KARE),23.03.2025,18.2003,,01.04.2025,3.24%,3/23/2025
הייפר גלובל (HIPR),23.03.2025,10.5,,07.04.2025,3.11%,3/23/2025
הייפר גלובל (HIPR),23.03.2025,14.0,,07.04.2025,3.11%,3/23/2025
פרידנזון (FRDN),23.03.2025,122.5632,,03.04.2025,3.21%,3/23/2025
מנורה מב החז (MMHD),24.03.2025,240.58696,,01.04.2025,5.56%,3/24/2025
ויליפוד אינטרנש (WILC),24.03.2025,216.0,,07.04.2025,3.65%,3/24/2025
בוליגו (BLGO),25.03.2025,0.03568,,17.04.2025,1.74%,3/25/2025
איילון חברה לביטוח (AYAL),25.03.2025,120.19747,,07.04.2025,2.64%,3/25/2025
מיטב טרייד (MTRD),25.03.2025,36.0,,01.04.2025,5.72%,3/25/2025
מיטב השקעות (MTAV),25.03.2025,64.0,,02.04.2025,3.75%,3/25/2025
פז נפט (PAZ),25.03.2025,701.57925,,10.04.2025,10.90%,3/25/2025
TSG IT Advanced Systems (TSG),25.03.2025,209.4169,,01.04.2025,1.01%,3/25/2025
רציו אנרגיות (RATIp),26.03.2025,0.03559,,10.04.2025,5.94%,3/26/2025
אימד יהש (IMEDp),26.03.2025,,,09.04.2025,-,3/26/2025
"תעשיות מספנות ישראל בע""מ (ISHI)",26.03.2025,80.0,,03.04.2025,0.68%,3/26/2025
ווישור גלובלטק (WESR),26.03.2025,15.24292,,06.04.2025,2.83%,3/26/2025
ירושלים (JBNK),26.03.2025,28.97143,,09.04.2025,3.68%,3/26/2025
The Gold Bond (GOLD),27.03.2025,289.0,,08.04.2025,2.23%,3/27/2025
וואן טכנולוגיות (ONE),27.03.2025,62.30625,,10.04.2025,3.04%,3/27/2025
שפיר הנדסה (SPEN),27.03.2025,22.3815,,03.04.2025,0.95%,3/27/2025
מכלול (MCLL),27.03.2025,11.51413,,10.04.2025,2.01%,3/27/2025
פולירם תעשיות פלסטיק (POLP),27.03.2025,9.35632,,07.04.2025,3.75%,3/27/2025
מור גמל (MPP),27.03.2025,7.01605,,06.04.2025,7.51%,3/27/2025
אראסאל (RSEL),27.03.2025,136.3,,23.04.2025,6.26%,3/27/2025
סיאון (CION),28.03.2025,0.36,,11.04.2025,15.76%,3/28/2025
יוניטרוניקס (UNIT),30.03.2025,57.33933,,22.04.2025,8.32%,3/30/2025
פיבי (FIBIH),30.03.2025,308.86275,,07.04.2025,6.50%,3/30/2025
אזורים השקעות (AZRM),30.03.2025,18.94478,,07.04.2025,1.16%,3/30/2025
דיסקונט (DSCT),30.03.2025,25.56067,,07.04.2025,3.99%,3/30/2025
תמר פטרוליום (TMRP),31.03.2025,0.1692,,10.04.2025,3.65%,3/31/2025
סינאל (SNEL),31.03.2025,88.34771,,14.04.2025,13.74%,3/31/2025
א.מ.ת (EMCO),31.03.2025,11.5,,10.04.2025,2.92%,3/31/2025
רימוני (RIMO),31.03.2025,110.0,,14.04.2025,10.90%,3/31/2025
אלקטרה צריכה (ECP),31.03.2025,172.28,,08.04.2025,1.74%,3/31/2025
מנדלסון תשתיות ותעשיות (MNIN),31.03.2025,60.5753,,08.04.2025,4.10%,3/31/2025
אי.בי.אי. (IBI),31.03.2025,588.2651,,07.04.2025,5.94%,3/31/2025
ארן (ARAN),31.03.2025,88.4515,,07.04.2025,4.55%,3/31/2025
קשרי תעופה (AVIA),31.03.2025,0.65298,,10.04.2025,12.85%,3/31/2025
נאוי (NAWI),01.04.2025,64.04704,,08.04.2025,5.19%,4/1/2025
אלטשולר שחם פיננסים (ALTF),01.04.2025,11.1116,,09.04.2025,8.18%,4/1/2025
תפרון (TFRLF),01.04.2025,0.16,,23.04.2025,2.78%,4/1/2025
Effi Capital Nadlan (EFCP),01.04.2025,10.85493,,08.04.2025,2.14%,4/1/2025
אלקו (ELCO),02.04.2025,167.0936,,09.04.2025,1.69%,4/2/2025
שיח מדיקל (SEMG),02.04.2025,12.0,,20.04.2025,4.83%,4/2/2025
טי.ג'י.איי (TGI),02.04.2025,5.38035,,10.04.2025,9.73%,4/2/2025
שנפ (SHNP),02.04.2025,78.77181,,21.04.2025,7.40%,4/2/2025
לפידות (LAPD),02.04.2025,12.96091,,23.04.2025,1.30%,4/2/2025
שטראוס (STRS),02.04.2025,137.25553,,10.04.2025,3.82%,4/2/2025
קבוצת אשטרום בעמ (ASHG),02.04.2025,71.766,,10.04.2025,1.38%,4/2/2025
אי.טי.ג'י.איי (ETGA),03.04.2025,45.23509,,23.04.2025,5.84%,4/3/2025
תומר אנרגיה (TOEN),03.04.2025,0.19999,,22.04.2025,10.06%,4/3/2025
המשביר 365 (MSBI),03.04.2025,5.71918,,10.04.2025,6.41%,4/3/2025
שניב (SHAN),03.04.2025,3.96467,,22.04.2025,3.14%,4/3/2025
תדיראן (TDRN),03.04.2025,41.92872,,10.04.2025,0.49%,4/3/2025
ברקת קפיטל (BRKT),03.04.2025,12.95862,,10.04.2025,5.26%,4/3/2025
דלק קבוצה (DLEKG),03.04.2025,1416.8247,,20.04.2025,8.36%,4/3/2025
טרמינל איקס (TRX),03.04.2025,18.25495,,23.04.2025,4.00%,4/3/2025
Baladi (BLDI),03.04.2025,26.31579,,10.04.2025,1.03%,4/3/2025
כפרית (KAFR),03.04.2025,20.80107,,28.04.2025,2.72%,4/3/2025
מימון ישיר (DIFI),06.04.2025,790.77374,,21.04.2025,5.31%,4/6/2025
רמי לוי (RMLI),06.04.2025,399.25714,,15.04.2025,6.40%,4/6/2025
אלקטרה (ELTR),06.04.2025,1228.8269,,04.05.2025,1.29%,4/6/2025
ברימאג-ס (BRMG),06.04.2025,122.62368,,23.04.2025,5.08%,4/6/2025
אינרום תעשיות בנייה (INRM),06.04.2025,9.42435,,23.04.2025,2.02%,4/6/2025
אטראו שוקי הון (ATRY),06.04.2025,135.83708,,23.04.2025,5.60%,4/6/2025
דוניץ (DUNI),06.04.2025,167.203,,22.04.2025,0.78%,4/6/2025
ויקטורי (VCTR),06.04.2025,141.03889,,22.04.2025,5.81%,4/6/2025
כנפיים (KNFM),06.04.2025,91.0,,15.04.2025,10.54%,4/6/2025
ראלקו (RLCO),06.04.2025,367.38169,,15.04.2025,5.83%,4/6/2025
א.נ שוהם ביזנס (SHOM),06.04.2025,13.3127,,15.04.2025,5.84%,4/6/2025
ג'י וואן (GOSS),06.04.2025,5.60878,,21.04.2025,3.45%,4/6/2025
בית הזהב (GOHO),06.04.2025,1256.719,,14.04.2025,48.18%,4/6/2025
דניה סיבוס (DNYA),06.04.2025,126.94296,,06.05.2025,4.96%,4/6/2025
יוחננוף (YHNF),07.04.2025,345.0,,21.04.2025,3.05%,4/7/2025
גן שמואל (GSFI),07.04.2025,252.488,,22.04.2025,12.05%,4/7/2025
גניגר (GNGR),07.04.2025,98.8157,,16.04.2025,10.62%,4/7/2025
אילקס מדיקל (ILX),07.04.2025,121.95,,15.04.2025,2.01%,4/7/2025
סאפיינס (SPNS),07.04.2025,0.66,,16.04.2025,3.62%,4/7/2025
עמיר שיווק (AMRK),07.04.2025,120.0,,04.05.2025,3.79%,4/7/2025
שגריר (SHGR),07.04.2025,38.4669,,21.04.2025,2.73%,4/7/2025
חילן (HLAN),07.04.2025,200.0,,24.04.2025,1.55%,4/7/2025
טיב טעם (TTAM),07.04.2025,4.60244,,21.04.2025,2.44%,4/7/2025
בכורי שדה (BKRY),07.04.2025,6.678,,21.04.2025,4.50%,4/7/2025
דיפלומט (DIPL),07.04.2025,79.9831,,17.04.2025,5.30%,4/7/2025
שירותי בנקאות אוטומטיים (SHVA),07.04.2025,75.0,,21.04.2025,3.35%,4/7/2025
קווליטאו (QLTU),08.04.2025,337.623,,17.04.2025,2.57%,4/8/2025
אמנת (AMAN),08.04.2025,61.271,,23.04.2025,13.61%,4/8/2025
אלמור חשמל התקנות ושירותים (ELMR),08.04.2025,23.0,,22.04.2025,3.95%,4/8/2025
י.ד. מור השקעות (MRIN),08.04.2025,26.62163,,21.04.2025,8.51%,4/8/2025
אנליסט (ANLT),08.04.2025,130.0,,28.04.2025,1.51%,4/8/2025
פרימוטק (PRMG),08.04.2025,103.07623,,21.04.2025,16.04%,4/8/2025
ג'נריישן קפיטל (GNRS),08.04.2025,1.18114,,30.04.2025,1.51%,4/8/2025
מיחשוב ישר (CMDR),08.04.2025,460.0,,21.04.2025,10.91%,4/8/2025
חברה לישראל (ILCO),09.04.2025,753.41843,,21.04.2025,0.71%,4/9/2025
שופרסל (SAE),09.04.2025,135.09953,,06.05.2025,3.80%,4/9/2025
קליל (KLIL),09.04.2025,202.8702,,23.04.2025,1.00%,4/9/2025
קיסטון ריט (KSTN),09.04.2025,10.68424,,21.04.2025,6.28%,4/9/2025
קבוצת ברן (BRAN),09.04.2025,84.44088,,29.04.2025,12.22%,4/9/2025
זנלכל (ZNKL),10.04.2025,71.42819,,28.04.2025,3.14%,4/10/2025
אביב בניה (AVIV),10.04.2025,52.83629,,04.05.2025,2.71%,4/10/2025
פמס (FBRT),10.04.2025,3.26266,,07.05.2025,10.97%,4/10/2025
נקסטקום (NXTM),10.04.2025,24.491,,05.05.2025,3.33%,4/10/2025
תיגבור (TIGBUR),10.04.2025,29.81167,,23.04.2025,3.40%,4/10/2025
אלרון (ELRN),10.04.2025,0.16613,,23.04.2025,36.44%,4/10/2025
ישרוטל -ס (ISRO),14.04.2025,100.7,,29.04.2025,1.27%,4/14/2025
"מקס סטוק בע""מ (MAXO)",14.04.2025,50.17681,,27.04.2025,3.50%,4/14/2025
דמרי (DIMRI),14.04.2025,347.45729,,23.04.2025,2.56%,4/14/2025
רבל (RVL),14.04.2025,18.2852,,12.05.2025,8.31%,4/14/2025
קנון הולדינגס (KEN),14.04.2025,4.8,,21.04.2025,14.73%,4/14/2025
ריטיילורס (RTLS),15.04.2025,145.75784,,28.04.2025,2.82%,4/15/2025
פלרם (PLRM),15.04.2025,388.71956,,28.04.2025,6.38%,4/15/2025
אמיליה פיתוח (EMDV),15.04.2025,63.23009,,22.04.2025,2.30%,4/15/2025
בירמן (BIRM),17.04.2025,54.5466,,24.04.2025,6.19%,4/17/2025
יצוא (EXPO),20.04.2025,39.8563,,05.05.2025,1.32%,4/20/2025
אפריקה מגורים (AFRE),20.04.2025,197.54655,,27.04.2025,2.51%,4/20/2025
הולמס פלייס (HLMS),20.04.2025,13.07332,,04.05.2025,9.15%,4/20/2025
מגדלי הים התיכון (MDTR),20.04.2025,66.39221,,27.04.2025,5.51%,4/20/2025
אאורה השקעות (AURA),21.04.2025,7.08517,,29.04.2025,0.76%,4/21/2025
או.אר.טי (ORTC),21.04.2025,25.0,,29.04.2025,3.05%,4/21/2025
טלסיס (TLSY),21.04.2025,441.97445,,06.05.2025,7.60%,4/21/2025
לסיכו (LSCO),21.04.2025,9.81482,,28.04.2025,2.70%,4/21/2025
ארית תעשיות (ARYT),21.04.2025,10.0,,29.04.2025,0.45%,4/21/2025
אלביט מערכות (ESLT),22.04.2025,0.6,,05.05.2025,0.54%,4/22/2025
מג'יק (MGIC),22.04.2025,0.327,,07.05.2025,5.78%,4/22/2025
רותם שני (RTSN),23.04.2025,99.18927,,05.05.2025,2.74%,4/23/2025
איסתא (ISTA),24.04.2025,300.0,,04.05.2025,6.87%,4/24/2025
אימקו (IMCO),29.04.2025,248.96691,,11.05.2025,3.24%,4/29/2025
פורמולה מערכות (FORTY),04.05.2025,345.0,,14.05.2025,1.80%,5/4/2025
טופ מערכות-ס (TOPS),04.05.2025,35.39803,,12.05.2025,2.53%,5/4/2025
פורמולה מערכות (FORTY),04.05.2025,345.0,,14.05.2025,1.80%,5/4/2025
בזק (BEZQ),07.05.2025,14.14586,,14.05.2025,5.25%,5/7/2025
אפקון החזקות (AFHL),12.05.2025,376.93547,,19.05.2025,200.00%,5/12/2025
גולף (GOLF),21.05.2025,22.58396,,29.05.2025,9.19%,2025-05-21
אורמת טכנולוגיות (ORA),21.05.2025,0.12,,04.06.2025,0.64%,5/21/2025
ניו-מד אנרג יהש (NWMDp),21.05.2025,0.05112,,05.06.2025,5.33%,5/21/2025
מ.ל.ר.ן פרוייקטים ומסחר (MLRN),21.05.2025,13.34058,,01.06.2025,5.92%,2025-05-21
בינלאומי (FIBI),22.05.2025,211.30262,,29.05.2025,4.23%,2025-05-22
אנרג'יקס (ENRG),25.05.2025,10.0,,10.06.2025,3.38%,5/25/2025
עשות (ASHO),26.05.2025,62.71674,,05.06.2025,2.29%,2025-05-26
פיימנט (PMNT),26.05.2025,5.10146,,05.06.2025,6.07%,2025-05-26
דלתא מותגים (DLTI),26.05.2025,58.44,,08.06.2025,12.69%,2025-05-26
ארד (ARD),27.05.2025,0.465,,08.06.2025,3.13%,2025-05-27
הייפר גלובל (HIPR),27.05.2025,10.5,,11.06.2025,2.71%,2025-05-27
פועלים (POLI),27.05.2025,54.56328,,03.06.2025,2.88%,2025-05-27
פנינסולה (PEN),27.05.2025,4.8,,08.06.2025,6.27%,2025-05-27
ראלקו (RLCO),28.05.2025,367.38169,,09.06.2025,12.74%,2025-05-28
דלתא (DELG),28.05.2025,0.3065,,10.06.2025,2.61%,2025-05-28
לאומי (LUMI),28.05.2025,48.15281,,10.06.2025,3.29%,2025-05-28
מזרחי טפחות (MZTF),28.05.2025,198.97082,,08.06.2025,4.18%,2025-05-28
אינרום תעשיות בנייה (INRM),29.05.2025,11.28381,,11.06.2025,2.17%,2025-05-29
מור גמל (MPP),29.05.2025,10.91385,,10.06.2025,6.06%,2025-05-29
אורון אחזקות והשקעות (ORON),29.05.2025,30.70918,,12.06.2025,2.98%,2025-05-29
אפריקה מגורים (AFRE),29.05.2025,142.23352,,26.06.2025,2.71%,2025-05-29
דלק קבוצה (DLEKG),29.05.2025,1367.0059,,11.06.2025,8.39%,2025-05-29
שניב (SHAN),29.05.2025,3.97248,,01.07.2025,3.90%,2025-05-29
וואן טכנולוגיות (ONE),29.05.2025,55.88004,,10.06.2025,2.77%,2025-05-29
מיטב טרייד (MTRD),29.05.2025,25.0,,11.06.2025,5.57%,2025-05-29
מניף שירותים פיננסיים (MNIF),29.05.2025,13.13918,,03.06.2025,3.89%,2025-05-29
סאני תקשורת (SNCM),29.05.2025,4.60335,,08.06.2025,10.50%,2025-05-29
דנאל (DANE),29.05.2025,300.0,,23.06.2025,2.38%,2025-05-29
אסאר אקורד (SRAC),03.06.2025,45.74282,,11.06.2025,6.95%,2025-06-03
יוניטרוניקס (UNIT),03.06.2025,150.38194,,03.07.2025,9.51%,2025-06-03
ישראמקו נגב (ISRAp),03.06.2025,0.02696,,30.06.2025,6.42%,2025-06-03
סיאון (CION),03.06.2025,0.36,,16.06.2025,14.81%,2025-06-03
פיבי (FIBIH),03.06.2025,287.70777,,11.06.2025,5.46%,2025-06-03
אלטשולר שחם פיננסים (ALTF),03.06.2025,9.08855,,11.06.2025,7.37%,2025-06-03
אופל בלאנס (OPAL),03.06.2025,3.0830025,,10.06.2025,7.11%,2025-06-03
ישראמקו נגב (ISRAp),03.06.2025,0.02696,,30.06.2025,6.71%,2025-06-03
סיאון (CION),03.06.2025,0.36,,16.06.2025,-,6/3/2025
אסאר אקורד (SRAC),03.06.2025,45.74282,,11.06.2025,7.02%,2025-06-03
אלטשולר שחם פיננסים (ALTF),03.06.2025,9.08869,,11.06.2025,7.47%,2025-06-03
פיבי (FIBIH),03.06.2025,287.70777,,11.06.2025,5.45%,2025-06-03
יוניטרוניקס (UNIT),03.06.2025,150.38194,,03.07.2025,,6/3/2025
איי.סי.אל (ICL),04.06.2025,0.0426,,18.06.2025,-,2025-06-04
איי.סי.אל (ICL),04.06.2025,15.02076,,18.06.2025,2.87%,2025-06-04
גלוברנדס (GLRS),04.06.2025,2278.275,,17.06.2025,8.33%,2025-06-04
פולירם תעשיות פלסטיק (POLP),04.06.2025,9.35632,,12.06.2025,3.40%,2025-06-04
גלוברנדס (GLRS),04.06.2025,2278.275,,17.06.2025,8.42%,2025-06-04
איביאי חיתום (IBIU),04.06.2025,30.54054,,12.06.2025,6.94%,2025-06-04
פולירם תעשיות פלסטיק (POLP),04.06.2025,9.35632,,12.06.2025,3.62%,2025-06-04
א.מ.ת (EMCO),05.06.2025,8.0,,23.06.2025,3.08%,2025-06-05
מיטב השקעות (MTAV),05.06.2025,44.0,,11.06.2025,3.00%,2025-06-05
נאוי (NAWI),05.06.2025,65.83481,,12.06.2025,3.98%,2025-06-05
רימוני (RIMO),05.06.2025,131.0,,17.06.2025,10.34%,2025-06-05
שנפ (SHNP),05.06.2025,7.87718,,12.06.2025,7.80%,2025-06-05
טיב טעם (TTAM),05.06.2025,3.10473,,22.06.2025,2.18%,2025-06-05
טיב טעם (TTAM),05.06.2025,3.10473,,22.06.2025,2.06%,2025-06-05
טי.ג'י.איי (TGI),08.06.2025,6.72544,,18.06.2025,10.10%,2025-06-08
אי.בי.אי. (IBI),08.06.2025,146.8484,,15.06.2025,4.53%,2025-06-08
אטראו שוקי הון (ATRY),08.06.2025,156.21264,,18.06.2025,5.65%,2025-06-08
א.נ שוהם ביזנס (SHOM),08.06.2025,13.32768,,15.06.2025,5.99%,2025-06-08
דיסקונט (DSCT),08.06.2025,25.31591,,17.06.2025,3.50%,2025-06-08
אנרג'יאן (ENOG),08.06.2025,0.3,,30.06.2025,9.96%,2025-06-08
דיסקונט (DSCT),08.06.2025,25.29051,,17.06.2025,3.46%,2025-06-08
אנרג'יאן (ENOG),08.06.2025,0.3,,30.06.2025,9.76%,2025-06-08
ג'י וואן (GOSS),08.06.2025,7.03317,,15.06.2025,4.69%,2025-06-08
בכורי שדה (BKRY),09.06.2025,3.339,,16.06.2025,4.67%,2025-06-09
דיפלומט (DIPL),09.06.2025,30.90256,,16.06.2025,5.88%,2025-06-09
יוחננוף (YHNF),09.06.2025,104.0,,19.06.2025,2.66%,2025-06-09
כהן פיתוח (CDEV),09.06.2025,1.67072,,18.06.2025,6.48%,2025-06-09
כפרית (KAFR),09.06.2025,20.77252,,26.06.2025,2.57%,2025-06-09
רם-און השקעות והחזקות (RMN),09.06.2025,15.85916,,24.06.2025,2.24%,2025-06-09
תיגבור (TIGBUR),09.06.2025,50.67984,,22.06.2025,3.39%,2025-06-09
איידיאיי ביטוח (IDIN),09.06.2025,372.90355,,18.06.2025,9.29%,2025-06-09
ג'נריישן קפיטל (GNRS),09.06.2025,1.18114,,08.07.2025,1.30%,2025-06-09
Value Capital One (VALC),09.06.2025,1.73,,16.06.2025,3.69%,2025-06-09
כפרית (KAFR),09.06.2025,20.77252,,26.06.2025,2.64%,2025-06-09
ג'נריישן קפיטל (GNRS),09.06.2025,1.18114,,08.07.2025,1.37%,2025-06-09
רמי לוי (RMLI),10.06.2025,326.66494,,17.06.2025,5.11%,2025-06-10
צור (ZUR),10.06.2025,21.50542,,29.06.2025,4.78%,2025-06-10
פז נפט (PAZ),10.06.2025,1213.2419,,02.07.2025,8.73%,2025-06-10
נטו מלינדה (NTML),10.06.2025,335.31723,,18.06.2025,4.70%,2025-06-10
מיחשוב ישר (CMDR),10.06.2025,400.0,,22.06.2025,8.85%,2025-06-10
אלדן (ELDT),10.06.2025,14.50595,,18.06.2025,1.67%,2025-06-10
פז נפט (PAZ),10.06.2025,1214.3583,,02.07.2025,8.70%,2025-06-10
פייטון (PAYT),11.06.2025,0.42,,19.06.2025,2.41%,2025-06-11
לפידות (LAPD),11.06.2025,97.21479,,25.06.2025,2.33%,2025-06-11
פיסיבי טכנ (PCBT),11.06.2025,25.04882,,30.06.2025,4.40%,2025-06-11
אי.טי.ג'י.איי (ETGA),11.06.2025,40.71158,,19.06.2025,6.91%,2025-06-11
י.ד. מור השקעות (MRIN),11.06.2025,36.52563,,19.06.2025,5.60%,2025-06-11
לפידות (LAPD),11.06.2025,97.21479,,25.06.2025,2.12%,2025-06-11
פייטון (PAYT),11.06.2025,0.42,,18.06.2025,2.36%,2025-06-11
פיסיבי טכנ (PCBT),11.06.2025,25.04882,,30.06.2025,4.44%,6/11/2025
רוטשטיין (ROTS),12.06.2025,71.44607,,19.06.2025,1.69%,2025-06-12
הפניקס (PHOE),12.06.2025,91.467,,22.06.2025,5.30%,2025-06-12
אסטיגי (STG),12.06.2025,313.19202,,19.06.2025,5.37%,2025-06-12
כלל עסקי ביטוח (CLIS),15.06.2025,251.3848,,25.06.2025,3.22%,2025-06-15
מימון ישיר (DIFI),16.06.2025,459.82492,,25.06.2025,4.85%,2025-06-16
טלסיס (TLSY),18.06.2025,386.72764,,03.07.2025,6.78%,2025-06-18
הולמס פלייס (HLMS),24.06.2025,11.98387,,09.07.2025,7.68%,2025-06-24
אלביט מערכות (ESLT),24.06.2025,0.6,,07.07.2025,0.52%,2025-06-24
אלביט מערכות (ESLT),24.06.2025,0.6,,07.07.2025,0.57%,2025-06-24
דניה סיבוס (DNYA),26.06.2025,126.83988,,07.07.2025,4.85%,2025-06-26
דניה סיבוס (DNYA),26.06.2025,126.83988,,07.07.2025,4.62%,2025-06-26
דלק רכב (DLEA),30.06.2025,200.0,,13.07.2025,7.03%,2025-06-30
דלק רכב (DLEA),30.06.2025,200.0,,13.07.2025,7.23%,2025-06-30
מטריקס (MTRX),01.07.2025,89.0,,15.07.2025,3.17%,2025-07-01
מטריקס (MTRX),01.07.2025,89.0,,15.07.2025,,7/1/2025
פורמולה מערכות (FORTY),07.07.2025,157.0,,22.07.2025,2.03%,2025-07-07
פורמולה מערכות (FORTY),07.07.2025,157.0,,22.07.2025,1.91%,2025-07-07
